id,query,search_id,source,description,alt,image_url
1,김밥,1511387112,encykorea,"김밥은 김 위에 밥을 펴놓고 시금치, 계란, 단무지, 오이, 우엉, 햄, 소고기, 참치, 멸치 등 여러 가지 재료로 소를 넣어 돌돌 말아 싼 음식이다. 오늘날의 김밥은 일제강점기 일본으로부터 전해진 김초밥이 우리나라 방식으로 토착화된 음식으로, 김에 밥을 싸서 먹는 형태, 김부스러기를 밥에 섞어 성형한 주먹밥 형태, 식초물로 간을 한 밥에 여러 가지 재료를",김밥,https://devin.aks.ac.kr/image/78012f15-581b-411f-a728-14c3ecdd9cad?preset=page
2,김밥,1511387112,folkency,김 위에 밥을 올려 고루 펴고 여러 가지 재료를 소로 넣어 돌돌 만 후 일정한 크기로 썬 음식.,,https://folkency.nfm.go.kr/api/file/images/82588?type=t
3,김밥,1511387112,wikimedia,"Gimbap, Korean seaweed rolls",Gimbap (pixabay).jpg,https://upload.wikimedia.org/wikipedia/commons/thumb/0/0e/Gimbap_%28pixabay%29.jpg/250px-Gimbap_%28pixabay%29.jpg
4,김밥,1511387112,wikimedia,Gimbap on an express KTX train,KTX gimbap-dosirak.jpg,https://upload.wikimedia.org/wikipedia/commons/thumb/f/ff/KTX_gimbap-dosirak.jpg/330px-KTX_gimbap-dosirak.jpg
5,김밥,1511387112,wikimedia,김밥. 2015년 4월 27일. 최광모.,Gimbap 02.jpg,https://upload.wikimedia.org/wikipedia/commons/thumb/7/71/Gimbap_02.jpg/120px-Gimbap_02.jpg
6,김밥,1511387112,wikimedia,Gimbap (seaweed rice roll),Gimbap 8.jpg,https://upload.wikimedia.org/wikipedia/commons/thumb/8/88/Gimbap_8.jpg/330px-Gimbap_8.jpg
7,김밥,1511387112,wikimedia,"The Korean word ""김밥""",Gimbap sign logo.jpg,https://upload.wikimedia.org/wikipedia/commons/thumb/6/62/Gimbap_sign_logo.jpg/500px-Gimbap_sign_logo.jpg
8,김밥,1511387112,wikimedia,Gimbap (seaweed rice roll),Gimbap 6.jpg,https://upload.wikimedia.org/wikipedia/commons/thumb/2/24/Gimbap_6.jpg/250px-Gimbap_6.jpg
9,김밥,1511387112,wikimedia,"Bulgogi gimbap (Roll of nori seaweed and white rice, bulgogi (marinated beef) and vegetables) at Okja Restaurant, Milan, 2022","Bulgogi gimbap at Okja Restaurant, Milan, 2022 01.jpg",https://upload.wikimedia.org/wikipedia/commons/thumb/5/5a/Bulgogi_gimbap_at_Okja_Restaurant%2C_Milan%2C_2022_01.jpg/330px-Bulgogi_gimbap_at_Okja_Restaurant%2C_Milan%2C_2022_01.jpg
10,김밥,1511387112,wikimedia,"Bulgogi gimbap (Roll of nori seaweed and white rice, bulgogi (marinated beef) and vegetables) at Okja Restaurant, Milan, 2022","Bulgogi gimbap at Okja Restaurant, Milan, 2022 03.jpg",https://upload.wikimedia.org/wikipedia/commons/thumb/7/74/Bulgogi_gimbap_at_Okja_Restaurant%2C_Milan%2C_2022_03.jpg/250px-Bulgogi_gimbap_at_Okja_Restaurant%2C_Milan%2C_2022_03.jpg
11,김밥,1511387112,wikimedia,당근이 많이 들어간 김밥,2015년 3월 8일 당근이 많이 들어간 김밥.jpg,https://upload.wikimedia.org/wikipedia/commons/thumb/1/10/2015%EB%85%84_3%EC%9B%94_8%EC%9D%BC_%EB%8B%B9%EA%B7%BC%EC%9D%B4_%EB%A7%8E%EC%9D%B4_%EB%93%A4%EC%96%B4%EA%B0%84_%EA%B9%80%EB%B0%A5.jpg/330px-2015%EB%85%84_3%EC%9B%94_8%EC%9D%BC_%EB%8B%B9%EA%B7%BC%EC%9D%B4_%EB%A7%8E%EC%9D%B4_%EB%93%A4%EC%96%B4%EA%B0%84_%EA%B9%80%EB%B0%A5.jpg
12,김밥,1511387112,wikimedia,"Bulgogi gimbap (Roll of nori seaweed and white rice, bulgogi (marinated beef) and vegetables) at Okja Restaurant, Milan, 2022","Bulgogi gimbap at Okja Restaurant, Milan, 2022 02.jpg",https://upload.wikimedia.org/wikipedia/commons/thumb/1/12/Bulgogi_gimbap_at_Okja_Restaurant%2C_Milan%2C_2022_02.jpg/330px-Bulgogi_gimbap_at_Okja_Restaurant%2C_Milan%2C_2022_02.jpg
13,김밥,1511387112,wikimedia,Common Korean snack,Gimbap.jpg,https://upload.wikimedia.org/wikipedia/commons/thumb/6/6f/Gimbap.jpg/330px-Gimbap.jpg
14,김밥,1511387112,wikimedia,Fishcake Kimbap #koreanfood,Fishcake Kimbap -koreanfood (16827948540).jpg,https://upload.wikimedia.org/wikipedia/commons/thumb/0/03/Fishcake_Kimbap_-koreanfood_%2816827948540%29.jpg/250px-Fishcake_Kimbap_-koreanfood_%2816827948540%29.jpg
15,김밥,1511387112,wikimedia,"Chamchigimbap (Rice and seaweed roll stuffed with tuna and mayonnaise, cucumber, carrots, fermented yellow turnip and salad) at Hana Restaurant, Milan, 2023","Chamchigimbap at Hana Restaurant, Milan, 2023.jpg",https://upload.wikimedia.org/wikipedia/commons/thumb/3/32/Chamchigimbap_at_Hana_Restaurant%2C_Milan%2C_2023.jpg/330px-Chamchigimbap_at_Hana_Restaurant%2C_Milan%2C_2023.jpg
16,김밥,1511387112,wikimedia,Gimbap ingredients. The visual was created on the basis of free images.,Gimbap ingredients.png,https://upload.wikimedia.org/wikipedia/commons/thumb/4/43/Gimbap_ingredients.png/250px-Gimbap_ingredients.png
17,김밥,1511387112,wikimedia,Gimbap (seaweed rice roll),Gimbap 5.jpg,https://upload.wikimedia.org/wikipedia/commons/thumb/8/83/Gimbap_5.jpg/330px-Gimbap_5.jpg
18,김밥,1511387112,wikimedia,"Foggy Bottom, Washington, DC",Beef kimbap from a DC lunch counter.jpg,https://upload.wikimedia.org/wikipedia/commons/thumb/4/4f/Beef_kimbap_from_a_DC_lunch_counter.jpg/250px-Beef_kimbap_from_a_DC_lunch_counter.jpg
19,김밥,1511387112,wikimedia,"Foggy Bottom, Washington, DC",Freshly prepared kimbap in a package with a label.jpg,https://upload.wikimedia.org/wikipedia/commons/thumb/c/ca/Freshly_prepared_kimbap_in_a_package_with_a_label.jpg/250px-Freshly_prepared_kimbap_in_a_package_with_a_label.jpg
20,김밥,1511387112,wikimedia,Gimbap (seaweed rice roll),Gimbap 10.jpg,https://upload.wikimedia.org/wikipedia/commons/thumb/b/b6/Gimbap_10.jpg/120px-Gimbap_10.jpg
21,김밥,1511387112,wikimedia,Gimbap (seaweed rice roll),Gimbap 7.jpg,https://upload.wikimedia.org/wikipedia/commons/thumb/8/84/Gimbap_7.jpg/250px-Gimbap_7.jpg
22,김밥,1511387112,wikimedia,"Gimpap servido junto a sopa picante y banchan de kimchi. También hay salsa y jengibre. Fotografía tomada en Seúl, Corea. Pertenece a la colección fotográfica de Tastes Explorer de Iván Schaievitch.",Gimbap como acompañamiento.jpg,https://upload.wikimedia.org/wikipedia/commons/thumb/e/ef/Gimbap_como_acompa%C3%B1amiento.jpg/330px-Gimbap_como_acompa%C3%B1amiento.jpg
23,김밥,1511387112,wikimedia,Gimbap (seaweed roll),Gimbap 3.jpg,https://upload.wikimedia.org/wikipedia/commons/thumb/1/1a/Gimbap_3.jpg/330px-Gimbap_3.jpg
24,김밥,1511387112,wikimedia,"Gimbap - a popular Korean snack made from steamed white rice, similar to Japanese rolled sushi",Gimbap 1.jpg,https://upload.wikimedia.org/wikipedia/commons/thumb/4/44/Gimbap_1.jpg/330px-Gimbap_1.jpg
25,김밥,1511387112,wikimedia,"Homemade gimbap with a high amount of meat in it, eaten as a lunch.",Gimbap with meat.png,https://upload.wikimedia.org/wikipedia/commons/thumb/6/68/Gimbap_with_meat.png/250px-Gimbap_with_meat.png
26,김밥,1511387112,wikimedia,"A takeout box of gimbap from Gyori Gimbap, a famous establishment founded in the 1960’s in Gyeongju.",Gyori Gimbap Gyeongju.jpg,https://upload.wikimedia.org/wikipedia/commons/thumb/8/86/Gyori_Gimbap_Gyeongju.jpg/330px-Gyori_Gimbap_Gyeongju.jpg
27,김밥,1511387112,wikimedia,"Gimbap - a popular Korean snack made from steamed white rice, similar to Japanese rolled sushi",Gimbap 2.jpg,https://upload.wikimedia.org/wikipedia/commons/thumb/f/fe/Gimbap_2.jpg/330px-Gimbap_2.jpg
28,김밥,1511387112,wikimedia,Gimbap,Gimbap 4.jpg,https://upload.wikimedia.org/wikipedia/commons/thumb/d/de/Gimbap_4.jpg/330px-Gimbap_4.jpg
29,김밥,1511387112,wikimedia,"ベジタブルキンパ
ソナム中目黒店にて
（2024年8月19日18時35分）
 This photo was taken with iPhone 12 Pro",202408191835 IMG 1993.jpg,https://upload.wikimedia.org/wikipedia/commons/thumb/1/1d/202408191835_IMG_1993.jpg/250px-202408191835_IMG_1993.jpg
30,김밥,1511387112,wikimedia,Close up of Gimbap),Gimbap closeup.jpg,https://upload.wikimedia.org/wikipedia/commons/thumb/9/9f/Gimbap_closeup.jpg/250px-Gimbap_closeup.jpg
31,김밥,1511387112,wikimedia,Icon for Korean gimbap.,Gimbap icon.png,https://upload.wikimedia.org/wikipedia/commons/2/2b/Gimbap_icon.png
32,김밥,1511387112,wikimedia,Gimbap (seaweed rice roll),Gimbap 9.jpg,https://upload.wikimedia.org/wikipedia/commons/thumb/9/92/Gimbap_9.jpg/330px-Gimbap_9.jpg
33,김밥,1511387112,wikimedia,Dongchimi-gimbap (seaweed rolls with radish water kimchi),Dongchimi-gimbap 2.jpg,https://upload.wikimedia.org/wikipedia/commons/thumb/5/5a/Dongchimi-gimbap_2.jpg/250px-Dongchimi-gimbap_2.jpg
34,김밥,1511387112,wikimedia,"Kimbap is a Korean dish made from cooked rice and other ingredients that are rolled in gim—dried sheets of nori seaweed—and served in bite-sized slices. The dish is often part of a packed meal, or dos",Gimbap and danmuji.jpg,https://upload.wikimedia.org/wikipedia/commons/thumb/d/d5/Gimbap_and_danmuji.jpg/330px-Gimbap_and_danmuji.jpg
35,김밥,1511387112,wikimedia,Food.,Gimbap and danmuji 02.jpg,https://upload.wikimedia.org/wikipedia/commons/thumb/e/e3/Gimbap_and_danmuji_02.jpg/330px-Gimbap_and_danmuji_02.jpg
36,김밥,1511387112,wikimedia,김밥,김밥.jpg,https://upload.wikimedia.org/wikipedia/commons/thumb/5/51/%EA%B9%80%EB%B0%A5.jpg/330px-%EA%B9%80%EB%B0%A5.jpg
37,김밥,1511387112,wikimedia,This photo has been taken in the country: South Korea,Gimbap 11.jpg,https://upload.wikimedia.org/wikipedia/commons/thumb/d/d7/Gimbap_11.jpg/330px-Gimbap_11.jpg
38,김밥,1511387112,wikimedia,Gimbap (김밥),Gimbabcheonguk-gimbap-seoul-2019-7-28.jpg,https://upload.wikimedia.org/wikipedia/commons/thumb/8/8d/Gimbabcheonguk-gimbap-seoul-2019-7-28.jpg/250px-Gimbabcheonguk-gimbap-seoul-2019-7-28.jpg
39,김밥,1511387112,wikimedia,"Gimbap (김밥) with fish cake from Koreana Plaza, Oakland","Gimbap by iankasley at Koreana Plaza, Oakland.jpg",https://upload.wikimedia.org/wikipedia/commons/thumb/9/95/Gimbap_by_iankasley_at_Koreana_Plaza%2C_Oakland.jpg/250px-Gimbap_by_iankasley_at_Koreana_Plaza%2C_Oakland.jpg
40,김밥,1511387112,wikimedia,"taste good. More specifically, it is kito tuna kimbap.",키토 김밥.jpg,https://upload.wikimedia.org/wikipedia/commons/thumb/4/4d/%ED%82%A4%ED%86%A0_%EA%B9%80%EB%B0%A5.jpg/250px-%ED%82%A4%ED%86%A0_%EA%B9%80%EB%B0%A5.jpg
41,김밥,1511387112,wikimedia,gimbal (bamboo gimbap roller),Gimbal (bamboo gimbap roller).jpg,https://upload.wikimedia.org/wikipedia/commons/thumb/c/c5/Gimbal_%28bamboo_gimbap_roller%29.jpg/330px-Gimbal_%28bamboo_gimbap_roller%29.jpg
42,김밥,1511387112,wikimedia,gimbal (bamboo gimbap roller),Gimbal (bamboo gimbap roller) 2.jpg,https://upload.wikimedia.org/wikipedia/commons/thumb/c/c9/Gimbal_%28bamboo_gimbap_roller%29_2.jpg/250px-Gimbal_%28bamboo_gimbap_roller%29_2.jpg
43,김밥,1511387112,wikimedia,gimbal (bamboo gimbap roller),Gimbal (bamboo gimbap roller) 3.jpg,https://upload.wikimedia.org/wikipedia/commons/thumb/8/8f/Gimbal_%28bamboo_gimbap_roller%29_3.jpg/330px-Gimbal_%28bamboo_gimbap_roller%29_3.jpg
44,김밥,1511387112,wikimedia,Gimbap with beef sausage,"Gimbap with beef, Myung Ga Kimbap.jpg",https://upload.wikimedia.org/wikipedia/commons/thumb/6/66/Gimbap_with_beef%2C_Myung_Ga_Kimbap.jpg/250px-Gimbap_with_beef%2C_Myung_Ga_Kimbap.jpg
45,김밥,1511387112,wikimedia,キムパプ、東京にて (gimbap in Tokyo),Gimbap in Japan Sep 21 2020 11-21AM.jpeg,https://upload.wikimedia.org/wikipedia/commons/thumb/5/53/Gimbap_in_Japan_Sep_21_2020_11-21AM.jpeg/250px-Gimbap_in_Japan_Sep_21_2020_11-21AM.jpeg
46,김밥,1511387112,wikimedia,Gimbap with beef sausage,"Gimbap with beef sausage, Myung Ga Kimbap.jpg",https://upload.wikimedia.org/wikipedia/commons/thumb/6/61/Gimbap_with_beef_sausage%2C_Myung_Ga_Kimbap.jpg/250px-Gimbap_with_beef_sausage%2C_Myung_Ga_Kimbap.jpg
47,김밥,1511387112,wikimedia,Gimbap,My gimbap at the world cup stadium in Seoul.jpg,https://upload.wikimedia.org/wikipedia/commons/thumb/2/21/My_gimbap_at_the_world_cup_stadium_in_Seoul.jpg/250px-My_gimbap_at_the_world_cup_stadium_in_Seoul.jpg
48,김밥,1511387112,wikimedia,gimbap,Vegetable gimbap.jpg,https://upload.wikimedia.org/wikipedia/commons/thumb/5/56/Vegetable_gimbap.jpg/330px-Vegetable_gimbap.jpg
49,김밥,1511387112,wikimedia,본 저작물은 공공누리 제1유형에 따라 2019년 작성된 한국농수산식품유통공사 (https://www.at.or.kr/home/apko000000/index.action)의 공공저작물을 이용하였습니다.,Ingredients for Gimbap.jpg,https://upload.wikimedia.org/wikipedia/commons/thumb/8/81/Ingredients_for_Gimbap.jpg/330px-Ingredients_for_Gimbap.jpg
50,김밥,1511387112,wikimedia,본 저작물은 공공누리 제1유형에 따라 2019년 작성된 한국농수산식품유통공사 (https://www.at.or.kr/home/apko000000/index.action)의 공공저작물을 이용하였습니다.,How to make Korean Gimbap.jpg,https://upload.wikimedia.org/wikipedia/commons/thumb/d/db/How_to_make_Korean_Gimbap.jpg/330px-How_to_make_Korean_Gimbap.jpg
51,김밥,1511387112,wikimedia,a string of kimbap for packing,Sinjeon cheese Gimbap.jpg,https://upload.wikimedia.org/wikipedia/commons/thumb/4/47/Sinjeon_cheese_Gimbap.jpg/250px-Sinjeon_cheese_Gimbap.jpg
52,김밥,1511387112,wikimedia,"Korean famous food, Gimbap, is very soft. 한국의 음식 김밥은 부드럽습니다.",Gimbap Kimbap Korean food 01.jpg,https://upload.wikimedia.org/wikipedia/commons/thumb/6/62/Gimbap_Kimbap_Korean_food_01.jpg/250px-Gimbap_Kimbap_Korean_food_01.jpg
53,김밥,1511387112,wikimedia,Dongchimi-gimbap (seaweed rolls with radish water kimchi),Dongchimi-gimbap.jpg,https://upload.wikimedia.org/wikipedia/commons/thumb/c/c8/Dongchimi-gimbap.jpg/250px-Dongchimi-gimbap.jpg
54,김밥,1511387112,wikimedia,Homemade gimbap with a high amount of meat,Meat gimbap.jpg,https://upload.wikimedia.org/wikipedia/commons/thumb/5/56/Meat_gimbap.jpg/250px-Meat_gimbap.jpg
55,김밥,1511387112,wikimedia,"Korean famous food, Gimbap, is very soft. 한국의 음식 김밥은 부드럽습니다.",Gimbap Kimbap Korean food 02.jpg,https://upload.wikimedia.org/wikipedia/commons/thumb/d/da/Gimbap_Kimbap_Korean_food_02.jpg/330px-Gimbap_Kimbap_Korean_food_02.jpg
56,김밥,1511387112,wikimedia,"Korean rice roll - gimbap - filled with egg, carrots, spinach and cucumbers, cut in pieces and presented on a slate plate.",Self-made vegetarian Gimbap.jpg,https://upload.wikimedia.org/wikipedia/commons/thumb/f/fd/Self-made_vegetarian_Gimbap.jpg/250px-Self-made_vegetarian_Gimbap.jpg
57,김밥,1511387112,wikimedia,Ramyeon (instant noodles) and nudeu-gimbap (nude seaweed rice rolls),Ramyeon and nude gimbap.jpg,https://upload.wikimedia.org/wikipedia/commons/thumb/1/1e/Ramyeon_and_nude_gimbap.jpg/250px-Ramyeon_and_nude_gimbap.jpg
58,김밥,1511387112,wikimedia,Mandu-ramyeon (instant noodles with dumplings) and gimbap (seaweed rice roll),Mandu-ramyeon and gimbap.jpg,https://upload.wikimedia.org/wikipedia/commons/thumb/b/b8/Mandu-ramyeon_and_gimbap.jpg/250px-Mandu-ramyeon_and_gimbap.jpg
59,김밥,1511387112,wikimedia,"View of Tongyeong, South Gyeongsang province, South Korea",Korea-Tongyeong food-Chungmu gimbap-01.jpg,https://upload.wikimedia.org/wikipedia/commons/thumb/0/09/Korea-Tongyeong_food-Chungmu_gimbap-01.jpg/330px-Korea-Tongyeong_food-Chungmu_gimbap-01.jpg
60,김밥,1511387112,wikimedia,Tao kae noi big roll grilled seaweed roll,Tao kae noi big roll grilled seaweed roll.jpg,https://upload.wikimedia.org/wikipedia/commons/thumb/5/51/Tao_kae_noi_big_roll_grilled_seaweed_roll.jpg/250px-Tao_kae_noi_big_roll_grilled_seaweed_roll.jpg
61,김밥,1511387112,wikimedia,"Gim, also known as the seaweed, was first made by Korea. The Gim is used to make the Korean Gimbap.",Korean seaweed Gim.jpg,https://upload.wikimedia.org/wikipedia/commons/thumb/7/7e/Korean_seaweed_Gim.jpg/250px-Korean_seaweed_Gim.jpg
62,김밥,1511387112,wikimedia,"View of Tongyeong, South Gyeongsang province, South Korea",Korea-Tongyeong food-Chungmu gimbap street-01.jpg,https://upload.wikimedia.org/wikipedia/commons/thumb/9/97/Korea-Tongyeong_food-Chungmu_gimbap_street-01.jpg/330px-Korea-Tongyeong_food-Chungmu_gimbap_street-01.jpg
63,김밥,1511387112,wikimedia,"Gimbap at Gimgane, Haengsin Station branch.",김가네김밥 행신역점 기본 김밥 1.jpg,https://upload.wikimedia.org/wikipedia/commons/thumb/1/12/%EA%B9%80%EA%B0%80%EB%84%A4%EA%B9%80%EB%B0%A5_%ED%96%89%EC%8B%A0%EC%97%AD%EC%A0%90_%EA%B8%B0%EB%B3%B8_%EA%B9%80%EB%B0%A5_1.jpg/330px-%EA%B9%80%EA%B0%80%EB%84%A4%EA%B9%80%EB%B0%A5_%ED%96%89%EC%8B%A0%EC%97%AD%EC%A0%90_%EA%B8%B0%EB%B3%B8_%EA%B9%80%EB%B0%A5_1.jpg
64,김밥,1511387112,wikimedia,"Gimbap at Gimgane, Haengsin Station branch.",김가네김밥 행신역점 기본 김밥 2.jpg,https://upload.wikimedia.org/wikipedia/commons/thumb/0/0f/%EA%B9%80%EA%B0%80%EB%84%A4%EA%B9%80%EB%B0%A5_%ED%96%89%EC%8B%A0%EC%97%AD%EC%A0%90_%EA%B8%B0%EB%B3%B8_%EA%B9%80%EB%B0%A5_2.jpg/330px-%EA%B9%80%EA%B0%80%EB%84%A4%EA%B9%80%EB%B0%A5_%ED%96%89%EC%8B%A0%EC%97%AD%EC%A0%90_%EA%B8%B0%EB%B3%B8_%EA%B9%80%EB%B0%A5_2.jpg
65,김밥,1511387112,wikimedia,"Gimbap and rabokki at Gimgane, Haengsin Station branch.","김가네김밥 행신역점 기본 김밥, 라볶이.jpg",https://upload.wikimedia.org/wikipedia/commons/thumb/0/0d/%EA%B9%80%EA%B0%80%EB%84%A4%EA%B9%80%EB%B0%A5_%ED%96%89%EC%8B%A0%EC%97%AD%EC%A0%90_%EA%B8%B0%EB%B3%B8_%EA%B9%80%EB%B0%A5%2C_%EB%9D%BC%EB%B3%B6%EC%9D%B4.jpg/330px-%EA%B9%80%EA%B0%80%EB%84%A4%EA%B9%80%EB%B0%A5_%ED%96%89%EC%8B%A0%EC%97%AD%EC%A0%90_%EA%B8%B0%EB%B3%B8_%EA%B9%80%EB%B0%A5%2C_%EB%9D%BC%EB%B3%B6%EC%9D%B4.jpg
66,김밥,1511387112,wikimedia,Chungmu-gimbap (Chungmu-style seaweed rice rolls),Chungmu-gimbap.png,https://upload.wikimedia.org/wikipedia/commons/thumb/5/5c/Chungmu-gimbap.png/330px-Chungmu-gimbap.png
67,김밥,1511387112,wikimedia,"Originating from the seaside city of Chungmu, South Korea, 충무김밥 (Chungmu Gimbap) features thinner rolls with an unseasoned surface and only rice as the filler ingredient.",Chungmu Gimbap.jpg,https://upload.wikimedia.org/wikipedia/commons/thumb/b/bf/Chungmu_Gimbap.jpg/330px-Chungmu_Gimbap.jpg
68,김밥,1511387112,wikimedia,"Gimbap and dongaseu at Gimgane, Haengsin Station branch.","김가네김밥 행신역점 기본 김밥, 돈까스.jpg",https://upload.wikimedia.org/wikipedia/commons/thumb/5/55/%EA%B9%80%EA%B0%80%EB%84%A4%EA%B9%80%EB%B0%A5_%ED%96%89%EC%8B%A0%EC%97%AD%EC%A0%90_%EA%B8%B0%EB%B3%B8_%EA%B9%80%EB%B0%A5%2C_%EB%8F%88%EA%B9%8C%EC%8A%A4.jpg/330px-%EA%B9%80%EA%B0%80%EB%84%A4%EA%B9%80%EB%B0%A5_%ED%96%89%EC%8B%A0%EC%97%AD%EC%A0%90_%EA%B8%B0%EB%B3%B8_%EA%B9%80%EB%B0%A5%2C_%EB%8F%88%EA%B9%8C%EC%8A%A4.jpg
69,김밥,1511387112,wikimedia,Kimbap with garnish,Kimbap with garnish.jpg,https://upload.wikimedia.org/wikipedia/commons/thumb/c/cb/Kimbap_with_garnish.jpg/250px-Kimbap_with_garnish.jpg
70,김밥,1511387112,wikimedia,Gimbap,Gimbap1.jpg,https://upload.wikimedia.org/wikipedia/commons/thumb/3/36/Gimbap1.jpg/250px-Gimbap1.jpg
71,김밥,1511387112,wikimedia,Kimbap,Kimbap.jpg,https://upload.wikimedia.org/wikipedia/commons/thumb/f/f5/Kimbap.jpg/250px-Kimbap.jpg
72,김밥,1511387112,wikimedia,Korean Kimbap,Korean Kimbap.jpg,https://upload.wikimedia.org/wikipedia/commons/thumb/e/e4/Korean_Kimbap.jpg/250px-Korean_Kimbap.jpg
73,김밥,1511387112,wikimedia,Gimbap (김밥),Kimbap-boughtinbusan-sept5-2013.JPG,https://upload.wikimedia.org/wikipedia/commons/thumb/2/2c/Kimbap-boughtinbusan-sept5-2013.JPG/250px-Kimbap-boughtinbusan-sept5-2013.JPG
74,김밥,1511387112,wikimedia,Recept: bit.ly/kimbaprecept,Kimbap hozzávalók.jpg,https://upload.wikimedia.org/wikipedia/commons/thumb/a/a5/Kimbap_hozz%C3%A1val%C3%B3k.jpg/250px-Kimbap_hozz%C3%A1val%C3%B3k.jpg
75,김밥,1511387112,wikimedia,Kimbap,Korean.food-Kimbap-03.jpg,https://upload.wikimedia.org/wikipedia/commons/thumb/5/51/Korean.food-Kimbap-03.jpg/250px-Korean.food-Kimbap-03.jpg
76,김밥,1511387112,wikimedia,Kimbap 2013-7-21,Kimbap2.jpg,https://upload.wikimedia.org/wikipedia/commons/thumb/d/dc/Kimbap2.jpg/250px-Kimbap2.jpg
77,김밥,1511387112,wikimedia,Savanyított jégcsapretek Recept: bit.ly/kimbaprecept,단무지 danmudzsi.jpg,https://upload.wikimedia.org/wikipedia/commons/thumb/7/7f/%EB%8B%A8%EB%AC%B4%EC%A7%80_danmudzsi.jpg/250px-%EB%8B%A8%EB%AC%B4%EC%A7%80_danmudzsi.jpg
78,김밥,1511387112,wikimedia,(설명 없음),Mayak-gimbap (31896881761).jpg,https://upload.wikimedia.org/wikipedia/commons/thumb/8/8c/Mayak-gimbap_%2831896881761%29.jpg/330px-Mayak-gimbap_%2831896881761%29.jpg
79,김밥,1511387112,wikimedia,seogawon 주엽역점,서가원김밥 주엽역점.jpg,https://upload.wikimedia.org/wikipedia/commons/thumb/4/49/%EC%84%9C%EA%B0%80%EC%9B%90%EA%B9%80%EB%B0%A5_%EC%A3%BC%EC%97%BD%EC%97%AD%EC%A0%90.jpg/250px-%EC%84%9C%EA%B0%80%EC%9B%90%EA%B9%80%EB%B0%A5_%EC%A3%BC%EC%97%BD%EC%97%AD%EC%A0%90.jpg
80,김밥,1511387112,wikimedia,"Korean snacks on the food stall, Kimbap",Korean.Snacks-01.jpg,https://upload.wikimedia.org/wikipedia/commons/thumb/3/35/Korean.Snacks-01.jpg/250px-Korean.Snacks-01.jpg
81,김밥,1511387112,wikimedia,Fishcake Kimbap,Fishcake Kimbap (16329470757).jpg,https://upload.wikimedia.org/wikipedia/commons/thumb/5/55/Fishcake_Kimbap_%2816329470757%29.jpg/250px-Fishcake_Kimbap_%2816329470757%29.jpg
82,김밥,1511387112,wikimedia,Recept: bit.ly/kimbaprecept,Kimbap feltekerése.jpg,https://upload.wikimedia.org/wikipedia/commons/thumb/0/01/Kimbap_felteker%C3%A9se.jpg/250px-Kimbap_felteker%C3%A9se.jpg
83,김밥,1511387112,wikimedia,Recept: bit.ly/kimbaprecept,Kimbap végeredmény más szögből.jpg,https://upload.wikimedia.org/wikipedia/commons/thumb/a/a0/Kimbap_v%C3%A9geredm%C3%A9ny_m%C3%A1s_sz%C3%B6gb%C5%91l.jpg/250px-Kimbap_v%C3%A9geredm%C3%A9ny_m%C3%A1s_sz%C3%B6gb%C5%91l.jpg
84,김밥,1511387112,wikimedia,Recept: bit.ly/kimbaprecept,Kimbap végeredmény.jpg,https://upload.wikimedia.org/wikipedia/commons/thumb/5/5d/Kimbap_v%C3%A9geredm%C3%A9ny.jpg/250px-Kimbap_v%C3%A9geredm%C3%A9ny.jpg
85,김밥,1511387112,wikimedia,"Gimbap. ""Delicious sushi-resembling Korean food. One of its delicious ingredients: SPAM"".",Kimbap by strikeael.jpg,https://upload.wikimedia.org/wikipedia/commons/thumb/e/ea/Kimbap_by_strikeael.jpg/250px-Kimbap_by_strikeael.jpg
86,김밥,1511387112,wikimedia,Mayak-gimbap (seaweed rice rolls) and bindae-tteok (mung bean pancake),Mayak-gimbap and bindae-tteok.jpg,https://upload.wikimedia.org/wikipedia/commons/thumb/f/fc/Mayak-gimbap_and_bindae-tteok.jpg/250px-Mayak-gimbap_and_bindae-tteok.jpg
87,김밥,1511387112,wikimedia,Making gimbap,Making kimbap by johl.jpg,https://upload.wikimedia.org/wikipedia/commons/thumb/b/b8/Making_kimbap_by_johl.jpg/250px-Making_kimbap_by_johl.jpg
88,김밥,1511387112,wikimedia,Food.,Mayak gimbap food stall.jpg,https://upload.wikimedia.org/wikipedia/commons/thumb/9/9e/Mayak_gimbap_food_stall.jpg/120px-Mayak_gimbap_food_stall.jpg
89,김밥,1511387112,wikimedia,Gimbap Lunch box and juice,Kimbap lunch by ~Mers in Daegu.jpg,https://upload.wikimedia.org/wikipedia/commons/thumb/d/d8/Kimbap_lunch_by_~Mers_in_Daegu.jpg/250px-Kimbap_lunch_by_~Mers_in_Daegu.jpg
90,김밥,1511387112,wikimedia,Recept: bit.ly/kimbaprecept,Feltekert kimbap.jpg,https://upload.wikimedia.org/wikipedia/commons/thumb/d/da/Feltekert_kimbap.jpg/250px-Feltekert_kimbap.jpg
91,김밥,1511387112,wikimedia,Gimbap and chopsticks,Kimbap and chopsticks by robinbos.jpg,https://upload.wikimedia.org/wikipedia/commons/thumb/a/a8/Kimbap_and_chopsticks_by_robinbos.jpg/250px-Kimbap_and_chopsticks_by_robinbos.jpg
92,김밥,1511387112,wikimedia,종로 광장시장,Gwangjang Market.JPG,https://upload.wikimedia.org/wikipedia/commons/thumb/f/fd/Gwangjang_Market.JPG/330px-Gwangjang_Market.JPG
93,김밥,1511387112,wikimedia,Gimbap,Kimbob by stu spivack.jpg,https://upload.wikimedia.org/wikipedia/commons/thumb/3/38/Kimbob_by_stu_spivack.jpg/330px-Kimbob_by_stu_spivack.jpg
94,김밥,1511387112,wikimedia,seogawon,서가원김밥 라페스타점.jpg,https://upload.wikimedia.org/wikipedia/commons/thumb/a/a3/%EC%84%9C%EA%B0%80%EC%9B%90%EA%B9%80%EB%B0%A5_%EB%9D%BC%ED%8E%98%EC%8A%A4%ED%83%80%EC%A0%90.jpg/330px-%EC%84%9C%EA%B0%80%EC%9B%90%EA%B9%80%EB%B0%A5_%EB%9D%BC%ED%8E%98%EC%8A%A4%ED%83%80%EC%A0%90.jpg
95,김밥,1511387112,wikimedia,김밥천국 (Gimbap Cheonguk),Gimbabcheonguk-outside-seoul-2019-7-28.jpg,https://upload.wikimedia.org/wikipedia/commons/thumb/d/d3/Gimbabcheonguk-outside-seoul-2019-7-28.jpg/250px-Gimbabcheonguk-outside-seoul-2019-7-28.jpg
96,김밥,1511387112,wikimedia,A franchise of Kimbap shop : http://en.wikipedia.org/wiki/Kimbab,Kimbap heaven.jpg,https://upload.wikimedia.org/wikipedia/commons/thumb/3/34/Kimbap_heaven.jpg/250px-Kimbap_heaven.jpg
97,김밥,1511387112,wikimedia,"en:Gimbap, ""Gimbap (confirmed the location here)""",Kimbap at Korea House in Cleveland.jpg,https://upload.wikimedia.org/wikipedia/commons/thumb/e/e4/Kimbap_at_Korea_House_in_Cleveland.jpg/330px-Kimbap_at_Korea_House_in_Cleveland.jpg
98,김밥,1511387112,wikimedia,明洞ちびのり巻きの画像,明洞ちびのり巻きIMG 202201 05.jpg,https://upload.wikimedia.org/wikipedia/commons/thumb/4/40/%E6%98%8E%E6%B4%9E%E3%81%A1%E3%81%B3%E3%81%AE%E3%82%8A%E5%B7%BB%E3%81%8DIMG_202201_05.jpg/330px-%E6%98%8E%E6%B4%9E%E3%81%A1%E3%81%B3%E3%81%AE%E3%82%8A%E5%B7%BB%E3%81%8DIMG_202201_05.jpg
99,김밥,1511387112,wikimedia,"The most popular Korean picnic food.
For the recpe: <a href=""http://www.kfoodaddict.com"" rel=""noreferrer nofollow"">www.kfoodaddict.com</a>",Kimbap -Korean sushi- (6380679527).jpg,https://upload.wikimedia.org/wikipedia/commons/thumb/7/79/Kimbap_-Korean_sushi-_%286380679527%29.jpg/330px-Kimbap_-Korean_sushi-_%286380679527%29.jpg
1,떡볶이,1766527477,encykorea,"흰 떡가래(가래떡)는 삼국시대부터 먹어오던 우리 전통의 떡으로 지금은 방앗간에서 쉽게 뽑아내고 있지만, 옛날에는 멥쌀가루를 쪄서 안반 위에 놓고 떡메로 무수히 쳐 끈기있게 만든 다음 길게 빚어 만들었다.",떡볶이,https://devin.aks.ac.kr/image/e4edb8c4-e560-4a9b-b8cc-edf1325e9819?preset=page
2,떡볶이,1766527477,folkency,"가래떡, 각종 채소, 어묵 등의 재료를 넣고 주로 고추장 양념으로 끓여 먹는 음식.",,https://folkency.nfm.go.kr/api/file/images/82714?type=t
3,떡볶이,1766527477,wikimedia,"Tteokbokki (떡볶이), Korean dish made by pan-fried ttoeok or rice cake with fish cakes in goguchang sauce. (chili pepper sauce).",Korean.snacks-Tteokbokki-08.jpg,https://upload.wikimedia.org/wikipedia/commons/thumb/5/56/Korean.snacks-Tteokbokki-08.jpg/250px-Korean.snacks-Tteokbokki-08.jpg
4,떡볶이,1766527477,wikimedia,"Tteokbokki making process step 3: adding spring onions, gochujang+gochugaru+sugar, and two boiled eggs",Tteokbokki making process step 3.jpg,https://upload.wikimedia.org/wikipedia/commons/thumb/0/06/Tteokbokki_making_process_step_3.jpg/250px-Tteokbokki_making_process_step_3.jpg
5,떡볶이,1766527477,wikimedia,"Tteokbokki, a Korean snack made with rice cake, fish cake, vegetables and gochujang condiment.",Korean.snacks-Tteokbokki-01.jpg,https://upload.wikimedia.org/wikipedia/commons/thumb/c/c5/Korean.snacks-Tteokbokki-01.jpg/250px-Korean.snacks-Tteokbokki-01.jpg
6,떡볶이,1766527477,wikimedia,Tteokbokki making process step 5: serving,Tteokbokki making process step 5.jpg,https://upload.wikimedia.org/wikipedia/commons/thumb/8/89/Tteokbokki_making_process_step_5.jpg/250px-Tteokbokki_making_process_step_5.jpg
7,떡볶이,1766527477,wikimedia,Non spicy version.,Beef rice pasta - Korpan.jpg,https://upload.wikimedia.org/wikipedia/commons/thumb/5/50/Beef_rice_pasta_-_Korpan.jpg/250px-Beef_rice_pasta_-_Korpan.jpg
8,떡볶이,1766527477,wikimedia,Reqested non-spicy.,Chicken Rice Pasta - Korpan.jpg,https://upload.wikimedia.org/wikipedia/commons/thumb/3/30/Chicken_Rice_Pasta_-_Korpan.jpg/250px-Chicken_Rice_Pasta_-_Korpan.jpg
9,떡볶이,1766527477,wikimedia,Tteokbokki making process step 4: boiling it down so that the sauce thickens,Tteokbokki making process step 4.jpg,https://upload.wikimedia.org/wikipedia/commons/thumb/8/84/Tteokbokki_making_process_step_4.jpg/250px-Tteokbokki_making_process_step_4.jpg
10,떡볶이,1766527477,wikimedia,Spicy version.,Vegen rice pasta (spicy ver.) - korpan.jpg,https://upload.wikimedia.org/wikipedia/commons/thumb/a/a9/Vegen_rice_pasta_%28spicy_ver.%29_-_korpan.jpg/250px-Vegen_rice_pasta_%28spicy_ver.%29_-_korpan.jpg
11,떡볶이,1766527477,wikimedia,vegen rice pasta (spicy ver.) - Korpan,Vegen rice pasta (spicy ver.) - Korpan.jpg,https://upload.wikimedia.org/wikipedia/commons/thumb/c/c5/Vegen_rice_pasta_%28spicy_ver.%29_-_Korpan.jpg/250px-Vegen_rice_pasta_%28spicy_ver.%29_-_Korpan.jpg
12,떡볶이,1766527477,wikimedia,It’s a signature menu of tteokbokki franchise “woorihalme tteokbokki” It’s a tteokbokki which is consist of garraetteok.,Garaetteok Tteokbokki.jpg,https://upload.wikimedia.org/wikipedia/commons/thumb/a/ad/Garaetteok_Tteokbokki.jpg/250px-Garaetteok_Tteokbokki.jpg
13,떡볶이,1766527477,wikimedia,(설명 없음),Tteokbokki 떡볶이 cheese1.jpg,https://upload.wikimedia.org/wikipedia/commons/thumb/d/d9/Tteokbokki_%EB%96%A1%EB%B3%B6%EC%9D%B4_cheese1.jpg/330px-Tteokbokki_%EB%96%A1%EB%B3%B6%EC%9D%B4_cheese1.jpg
14,떡볶이,1766527477,wikimedia,Korean rice cake with colorful vegetables,Korean rice cake with colorful vegetables.jpg,https://upload.wikimedia.org/wikipedia/commons/thumb/6/6f/Korean_rice_cake_with_colorful_vegetables.jpg/250px-Korean_rice_cake_with_colorful_vegetables.jpg
15,떡볶이,1766527477,wikimedia,Tteok-bokki (stir-fried rice cakes),Tteok-bokki 1.jpg,https://upload.wikimedia.org/wikipedia/commons/thumb/e/e7/Tteok-bokki_1.jpg/250px-Tteok-bokki_1.jpg
16,떡볶이,1766527477,wikimedia,Chicken with cheese rice cakes,Chicken with cheese rice cakes (1).jpg,https://upload.wikimedia.org/wikipedia/commons/thumb/a/a0/Chicken_with_cheese_rice_cakes_%281%29.jpg/250px-Chicken_with_cheese_rice_cakes_%281%29.jpg
17,떡볶이,1766527477,wikimedia,Cheese rice cake chicken with rice,Cheese rice cake chicken with rice.jpg,https://upload.wikimedia.org/wikipedia/commons/thumb/d/dd/Cheese_rice_cake_chicken_with_rice.jpg/250px-Cheese_rice_cake_chicken_with_rice.jpg
18,떡볶이,1766527477,wikimedia,Chicken with cheese rice cakes,Chicken with cheese rice cakes.jpg,https://upload.wikimedia.org/wikipedia/commons/thumb/c/c8/Chicken_with_cheese_rice_cakes.jpg/250px-Chicken_with_cheese_rice_cakes.jpg
19,떡볶이,1766527477,wikimedia,"Tteokbokki, a Korean snack made with rice cake, fish cake, vegetables and gochujang condiment.",Korean.snacks-Tteokbokki-02.jpg,https://upload.wikimedia.org/wikipedia/commons/thumb/6/6f/Korean.snacks-Tteokbokki-02.jpg/250px-Korean.snacks-Tteokbokki-02.jpg
20,떡볶이,1766527477,wikimedia,"en:Tteokbokki, Korean spicy rice cake.",Korean.snacks-Tteokbokki-06.jpg,https://upload.wikimedia.org/wikipedia/commons/thumb/7/7a/Korean.snacks-Tteokbokki-06.jpg/250px-Korean.snacks-Tteokbokki-06.jpg
21,떡볶이,1766527477,wikimedia,"en:Tteokbokki, Korean spicy rice cake.",Korean.snacks-Tteokbokki-04.jpg,https://upload.wikimedia.org/wikipedia/commons/thumb/7/7f/Korean.snacks-Tteokbokki-04.jpg/250px-Korean.snacks-Tteokbokki-04.jpg
22,떡볶이,1766527477,wikimedia,日本のスーパーで販売されてたトッポギソースとプルコギソース。,Tteokbokki sauce and Bulgogi sauce.jpg,https://upload.wikimedia.org/wikipedia/commons/thumb/8/8e/Tteokbokki_sauce_and_Bulgogi_sauce.jpg/330px-Tteokbokki_sauce_and_Bulgogi_sauce.jpg
23,떡볶이,1766527477,wikimedia,"Tteokbokki are fresh handmade rice cakes in spicy gochujang sauce with fresh carrots and spring onions. Photographed at the Korean restaurant DUKKI, Burgsdorfstraße 14, 13353 Berlin.",Tteokbokki Dukki Berlin.jpg,https://upload.wikimedia.org/wikipedia/commons/thumb/0/01/Tteokbokki_Dukki_Berlin.jpg/250px-Tteokbokki_Dukki_Berlin.jpg
24,떡볶이,1766527477,wikimedia,Tteokbokki served in a bowl,Tteokbokki - Hello Cook AUD7.jpg,https://upload.wikimedia.org/wikipedia/commons/thumb/2/2c/Tteokbokki_-_Hello_Cook_AUD7.jpg/330px-Tteokbokki_-_Hello_Cook_AUD7.jpg
25,떡볶이,1766527477,wikimedia,Korean rice cake (tteokbokki),Korean rice cake (tteokbokki).jpg,https://upload.wikimedia.org/wikipedia/commons/thumb/2/23/Korean_rice_cake_%28tteokbokki%29.jpg/250px-Korean_rice_cake_%28tteokbokki%29.jpg
26,떡볶이,1766527477,wikimedia,Tteokbokki in Korean cuisine,Korean.snacks-Tteokbokki-07.jpg,https://upload.wikimedia.org/wikipedia/commons/thumb/9/94/Korean.snacks-Tteokbokki-07.jpg/250px-Korean.snacks-Tteokbokki-07.jpg
27,떡볶이,1766527477,wikimedia,Tteokbokki .,Tteokbokki in Handan 1.jpg,https://upload.wikimedia.org/wikipedia/commons/thumb/5/51/Tteokbokki_in_Handan_1.jpg/250px-Tteokbokki_in_Handan_1.jpg
28,떡볶이,1766527477,wikimedia,Tteokbokki .,Tteokbokki in Handan 2.jpg,https://upload.wikimedia.org/wikipedia/commons/thumb/e/e2/Tteokbokki_in_Handan_2.jpg/250px-Tteokbokki_in_Handan_2.jpg
29,떡볶이,1766527477,wikimedia,Tteokbokki Bunsik Korean food,Tteokbokki Bunsik Korean food 01.jpg,https://upload.wikimedia.org/wikipedia/commons/thumb/2/2f/Tteokbokki_Bunsik_Korean_food_01.jpg/250px-Tteokbokki_Bunsik_Korean_food_01.jpg
30,떡볶이,1766527477,wikimedia,"Tteokbokki and Kimchi in Mujigae, Jakarta.",Tteokbokki and fried mandu.jpg,https://upload.wikimedia.org/wikipedia/commons/thumb/0/02/Tteokbokki_and_fried_mandu.jpg/250px-Tteokbokki_and_fried_mandu.jpg
31,떡볶이,1766527477,wikimedia,"en:Tteokbokki, Korean spicy rice cake.",Korean.snacks-Tteokbokki-03.jpg,https://upload.wikimedia.org/wikipedia/commons/thumb/3/38/Korean.snacks-Tteokbokki-03.jpg/250px-Korean.snacks-Tteokbokki-03.jpg
32,떡볶이,1766527477,wikimedia,Premier repas complet dans la rue,Korean snack-Tteokbokki-01.jpg,https://upload.wikimedia.org/wikipedia/commons/thumb/5/50/Korean_snack-Tteokbokki-01.jpg/250px-Korean_snack-Tteokbokki-01.jpg
33,떡볶이,1766527477,wikimedia,Tteokbokki making process step 1: boiling kelp and dashi powder (or dried anchovies),Tteokbokki making process step 1.jpg,https://upload.wikimedia.org/wikipedia/commons/thumb/6/69/Tteokbokki_making_process_step_1.jpg/250px-Tteokbokki_making_process_step_1.jpg
34,떡볶이,1766527477,wikimedia,"Tteokbokki, hot and spicy rice cake in Korean cuisine.",Korean.snack-Tteokbokki-01.jpg,https://upload.wikimedia.org/wikipedia/commons/thumb/5/59/Korean.snack-Tteokbokki-01.jpg/250px-Korean.snack-Tteokbokki-01.jpg
35,떡볶이,1766527477,wikimedia,"en:Tteokbokki, Korean spicy rice cake.",Korean.snacks-Tteokbokki-05.jpg,https://upload.wikimedia.org/wikipedia/commons/thumb/1/10/Korean.snacks-Tteokbokki-05.jpg/500px-Korean.snacks-Tteokbokki-05.jpg
36,떡볶이,1766527477,wikimedia,A box of Rice Pasta from Wo Seon Food Shop in Cheung Chau,A box of Rice Pasta at Wo Seon Food shop.jpg,https://upload.wikimedia.org/wikipedia/commons/thumb/e/ee/A_box_of_Rice_Pasta_at_Wo_Seon_Food_shop.jpg/250px-A_box_of_Rice_Pasta_at_Wo_Seon_Food_shop.jpg
37,떡볶이,1766527477,wikimedia,"street food - rice tubes in chili paste, Seoul",Korean snack-Tteokbokki-02.jpg,https://upload.wikimedia.org/wikipedia/commons/thumb/7/70/Korean_snack-Tteokbokki-02.jpg/250px-Korean_snack-Tteokbokki-02.jpg
38,떡볶이,1766527477,wikimedia,Tteokbokki Bunsik Korean food,Tteokbokki Bunsik Korean food 02.jpg,https://upload.wikimedia.org/wikipedia/commons/thumb/b/b0/Tteokbokki_Bunsik_Korean_food_02.jpg/250px-Tteokbokki_Bunsik_Korean_food_02.jpg
39,떡볶이,1766527477,wikimedia,Tteokbokki making process step 1: adding garaetteok (cylindrical shaped pounded rice),Tteokbokki making process step 2.jpg,https://upload.wikimedia.org/wikipedia/commons/thumb/e/ed/Tteokbokki_making_process_step_2.jpg/250px-Tteokbokki_making_process_step_2.jpg
40,떡볶이,1766527477,wikimedia,2020년 신당동 떡볶이타운의 입구 모습,Sindang-dong Tteokbokki town in 2020.jpg,https://upload.wikimedia.org/wikipedia/commons/thumb/b/b0/Sindang-dong_Tteokbokki_town_in_2020.jpg/330px-Sindang-dong_Tteokbokki_town_in_2020.jpg
41,떡볶이,1766527477,wikimedia,tteokbokki fried squid with dumplings,Tteokbokki in korea.jpg,https://upload.wikimedia.org/wikipedia/commons/thumb/b/ba/Tteokbokki_in_korea.jpg/250px-Tteokbokki_in_korea.jpg
42,떡볶이,1766527477,wikimedia,"Tteokbokki, hot and spicy rice cake in Korean cuisine",Korean.snack-Tteokbokki-Mandu-01.jpg,https://upload.wikimedia.org/wikipedia/commons/thumb/5/5c/Korean.snack-Tteokbokki-Mandu-01.jpg/330px-Korean.snack-Tteokbokki-Mandu-01.jpg
43,떡볶이,1766527477,wikimedia,Korean food at Tteokbokki restaurant in Shin-Okubo,Korean food at Tteokbokki restaurant in Shin-Okubo 3.jpg,https://upload.wikimedia.org/wikipedia/commons/thumb/e/ec/Korean_food_at_Tteokbokki_restaurant_in_Shin-Okubo_3.jpg/250px-Korean_food_at_Tteokbokki_restaurant_in_Shin-Okubo_3.jpg
44,떡볶이,1766527477,wikimedia,Korean food at Tteokbokki restaurant in Shin-Okubo,Korean food at Tteokbokki restaurant in Shin-Okubo 2.jpg,https://upload.wikimedia.org/wikipedia/commons/thumb/b/b2/Korean_food_at_Tteokbokki_restaurant_in_Shin-Okubo_2.jpg/250px-Korean_food_at_Tteokbokki_restaurant_in_Shin-Okubo_2.jpg
45,떡볶이,1766527477,wikimedia,bunsikjib,2020-03-11 12.25.16 분식집 떡볶이.jpg,https://upload.wikimedia.org/wikipedia/commons/thumb/f/fa/2020-03-11_12.25.16_%EB%B6%84%EC%8B%9D%EC%A7%91_%EB%96%A1%EB%B3%B6%EC%9D%B4.jpg/250px-2020-03-11_12.25.16_%EB%B6%84%EC%8B%9D%EC%A7%91_%EB%96%A1%EB%B3%B6%EC%9D%B4.jpg
46,떡볶이,1766527477,wikimedia,bunsikjib,2020-03-11 12.23.34 오뎅 떡볶이 소스.jpg,https://upload.wikimedia.org/wikipedia/commons/thumb/3/33/2020-03-11_12.23.34_%EC%98%A4%EB%8E%85_%EB%96%A1%EB%B3%B6%EC%9D%B4_%EC%86%8C%EC%8A%A4.jpg/250px-2020-03-11_12.23.34_%EC%98%A4%EB%8E%85_%EB%96%A1%EB%B3%B6%EC%9D%B4_%EC%86%8C%EC%8A%A4.jpg
47,떡볶이,1766527477,wikimedia,Tteokbokki with rosé sauce,Rosé tteokbokki 2.png,https://upload.wikimedia.org/wikipedia/commons/thumb/9/99/Ros%C3%A9_tteokbokki_2.png/250px-Ros%C3%A9_tteokbokki_2.png
48,떡볶이,1766527477,wikimedia,Tteokbokki with rosé sauce,Rosé tteokbokki 1.png,https://upload.wikimedia.org/wikipedia/commons/thumb/5/52/Ros%C3%A9_tteokbokki_1.png/500px-Ros%C3%A9_tteokbokki_1.png
49,떡볶이,1766527477,wikimedia,Korean Tteokbokki (rice cakes in sauce),Tteokbokki.JPG,https://upload.wikimedia.org/wikipedia/commons/thumb/4/4d/Tteokbokki.JPG/330px-Tteokbokki.JPG
50,떡볶이,1766527477,wikimedia,Tteokbokki,2020-04-09 14.48.23 엄청난떡볶이 떡볶이.jpg,https://upload.wikimedia.org/wikipedia/commons/thumb/8/8b/2020-04-09_14.48.23_%EC%97%84%EC%B2%AD%EB%82%9C%EB%96%A1%EB%B3%B6%EC%9D%B4_%EB%96%A1%EB%B3%B6%EC%9D%B4.jpg/250px-2020-04-09_14.48.23_%EC%97%84%EC%B2%AD%EB%82%9C%EB%96%A1%EB%B3%B6%EC%9D%B4_%EB%96%A1%EB%B3%B6%EC%9D%B4.jpg
51,떡볶이,1766527477,wikimedia,"Tteokpokki, Korean spicy rice cake",Home made Tteokbokki.JPG,https://upload.wikimedia.org/wikipedia/commons/thumb/f/fb/Home_made_Tteokbokki.JPG/330px-Home_made_Tteokbokki.JPG
52,떡볶이,1766527477,wikimedia,Ramen noodled Tteokbokki,Ramen noodled Tteokbokki.jpg,https://upload.wikimedia.org/wikipedia/commons/thumb/0/0a/Ramen_noodled_Tteokbokki.jpg/250px-Ramen_noodled_Tteokbokki.jpg
53,떡볶이,1766527477,wikimedia,Bagged Tteokbokki,Bagged Tteokbokki.jpg,https://upload.wikimedia.org/wikipedia/commons/thumb/c/ce/Bagged_Tteokbokki.jpg/250px-Bagged_Tteokbokki.jpg
54,떡볶이,1766527477,wikimedia,형태네집의 떡볶이,2015년 10월 25일 과천시 굴다리시장 형태네집 떡볶이.jpg,https://upload.wikimedia.org/wikipedia/commons/thumb/6/62/2015%EB%85%84_10%EC%9B%94_25%EC%9D%BC_%EA%B3%BC%EC%B2%9C%EC%8B%9C_%EA%B5%B4%EB%8B%A4%EB%A6%AC%EC%8B%9C%EC%9E%A5_%ED%98%95%ED%83%9C%EB%84%A4%EC%A7%91_%EB%96%A1%EB%B3%B6%EC%9D%B4.jpg/330px-2015%EB%85%84_10%EC%9B%94_25%EC%9D%BC_%EA%B3%BC%EC%B2%9C%EC%8B%9C_%EA%B5%B4%EB%8B%A4%EB%A6%AC%EC%8B%9C%EC%9E%A5_%ED%98%95%ED%83%9C%EB%84%A4%EC%A7%91_%EB%96%A1%EB%B3%B6%EC%9D%B4.jpg
55,떡볶이,1766527477,wikimedia,형태네집의 떡볶이,2015년 10월 25일 과천시 굴다리시장 형태네집 떡볶이2.jpg,https://upload.wikimedia.org/wikipedia/commons/thumb/e/ed/2015%EB%85%84_10%EC%9B%94_25%EC%9D%BC_%EA%B3%BC%EC%B2%9C%EC%8B%9C_%EA%B5%B4%EB%8B%A4%EB%A6%AC%EC%8B%9C%EC%9E%A5_%ED%98%95%ED%83%9C%EB%84%A4%EC%A7%91_%EB%96%A1%EB%B3%B6%EC%9D%B42.jpg/330px-2015%EB%85%84_10%EC%9B%94_25%EC%9D%BC_%EA%B3%BC%EC%B2%9C%EC%8B%9C_%EA%B5%B4%EB%8B%A4%EB%A6%AC%EC%8B%9C%EC%9E%A5_%ED%98%95%ED%83%9C%EB%84%A4%EC%A7%91_%EB%96%A1%EB%B3%B6%EC%9D%B42.jpg
56,떡볶이,1766527477,wikimedia,Sweet and spicy tteokbokki crisps,Sweet and spicy tteokbokki crisps.jpg,https://upload.wikimedia.org/wikipedia/commons/thumb/0/01/Sweet_and_spicy_tteokbokki_crisps.jpg/250px-Sweet_and_spicy_tteokbokki_crisps.jpg
57,떡볶이,1766527477,wikimedia,"Cheese tteokbokki, Korean fusion food",Korean.snacks-Cheese tteokbokki.jpg,https://upload.wikimedia.org/wikipedia/commons/thumb/8/81/Korean.snacks-Cheese_tteokbokki.jpg/250px-Korean.snacks-Cheese_tteokbokki.jpg
58,떡볶이,1766527477,wikimedia,Freshippo squid fried tteokbokki,Freshippo squid fried tteokbokki.jpg,https://upload.wikimedia.org/wikipedia/commons/thumb/8/8f/Freshippo_squid_fried_tteokbokki.jpg/250px-Freshippo_squid_fried_tteokbokki.jpg
59,떡볶이,1766527477,wikimedia,"A small local Rice & Paste take-out restaurant, that is located in the Haaglander city of Delft, South Holland.","Rice & Pasta To Go, Delft (2020) 02.jpg",https://upload.wikimedia.org/wikipedia/commons/thumb/3/37/Rice_%26_Pasta_To_Go%2C_Delft_%282020%29_02.jpg/330px-Rice_%26_Pasta_To_Go%2C_Delft_%282020%29_02.jpg
60,떡볶이,1766527477,wikimedia,"A small local Rice & Paste take-out restaurant, that is located in the Haaglander city of Delft, South Holland.","Rice & Pasta To Go, Delft (2020) 01.jpg",https://upload.wikimedia.org/wikipedia/commons/thumb/7/72/Rice_%26_Pasta_To_Go%2C_Delft_%282020%29_01.jpg/120px-Rice_%26_Pasta_To_Go%2C_Delft_%282020%29_01.jpg
61,떡볶이,1766527477,wikimedia,Tteok-bokki (stir-fried rice cakes),Tteok-bokki 3.jpg,https://upload.wikimedia.org/wikipedia/commons/thumb/2/22/Tteok-bokki_3.jpg/330px-Tteok-bokki_3.jpg
62,떡볶이,1766527477,wikimedia,Tteok-bokki,Tteok-bokki 4.jpg,https://upload.wikimedia.org/wikipedia/commons/thumb/4/49/Tteok-bokki_4.jpg/250px-Tteok-bokki_4.jpg
63,떡볶이,1766527477,wikimedia,tteokbokki stand,Tteokbokki stand - panoramio.jpg,https://upload.wikimedia.org/wikipedia/commons/thumb/4/4a/Tteokbokki_stand_-_panoramio.jpg/330px-Tteokbokki_stand_-_panoramio.jpg
64,떡볶이,1766527477,wikimedia,Cream sauce tteokbokki,Cream tteokbokki.jpg,https://upload.wikimedia.org/wikipedia/commons/thumb/5/5f/Cream_tteokbokki.jpg/250px-Cream_tteokbokki.jpg
65,떡볶이,1766527477,wikimedia,soupy tteok-bokki,Gungmul-tteok-bokki.jpg,https://upload.wikimedia.org/wikipedia/commons/thumb/2/2e/Gungmul-tteok-bokki.jpg/330px-Gungmul-tteok-bokki.jpg
66,떡볶이,1766527477,wikimedia,Taken by Choe Kwangmo with Sony DSC-RX10,Wheat tteok-bokki with eggs.jpg,https://upload.wikimedia.org/wikipedia/commons/thumb/4/43/Wheat_tteok-bokki_with_eggs.jpg/330px-Wheat_tteok-bokki_with_eggs.jpg
67,떡볶이,1766527477,wikimedia,Teokbokki,Korean Teokbokki.jpg,https://upload.wikimedia.org/wikipedia/commons/thumb/1/1b/Korean_Teokbokki.jpg/250px-Korean_Teokbokki.jpg
68,떡볶이,1766527477,wikimedia,Tteok-bokki (stir-fried rice cakes),Tteok-bokki 7.jpg,https://upload.wikimedia.org/wikipedia/commons/thumb/9/99/Tteok-bokki_7.jpg/250px-Tteok-bokki_7.jpg
69,떡볶이,1766527477,wikimedia,BaeDDuck,BaeDDuck.png,https://upload.wikimedia.org/wikipedia/commons/thumb/e/e1/BaeDDuck.png/250px-BaeDDuck.png
70,떡볶이,1766527477,wikimedia,Taken by Choe Kwangmo with Sony DSC-RX10,Tteok-bokki 2.jpg,https://upload.wikimedia.org/wikipedia/commons/thumb/7/7d/Tteok-bokki_2.jpg/330px-Tteok-bokki_2.jpg
71,떡볶이,1766527477,wikimedia,Ganjang-tteok-bokki (soy sauce stir-fried rice cakes),Ganjang-tteok-bokki.jpg,https://upload.wikimedia.org/wikipedia/commons/thumb/a/ac/Ganjang-tteok-bokki.jpg/250px-Ganjang-tteok-bokki.jpg
72,떡볶이,1766527477,wikimedia,Tteok-bokki (stir-fried rice cakes),Tteok-bokki 6.jpg,https://upload.wikimedia.org/wikipedia/commons/thumb/2/26/Tteok-bokki_6.jpg/120px-Tteok-bokki_6.jpg
73,떡볶이,1766527477,wikimedia,Korean food in Sukabumi,Toppokki with Fried Mandu.jpg,https://upload.wikimedia.org/wikipedia/commons/thumb/e/e4/Toppokki_with_Fried_Mandu.jpg/120px-Toppokki_with_Fried_Mandu.jpg
74,떡볶이,1766527477,wikimedia,Shrimp rosé tteokbokki,Shrimp rosé tteokbokki.jpg,https://upload.wikimedia.org/wikipedia/commons/thumb/d/d0/Shrimp_ros%C3%A9_tteokbokki.jpg/330px-Shrimp_ros%C3%A9_tteokbokki.jpg
75,떡볶이,1766527477,wikimedia,Taken by Choe Kwangmo with Sony DSC-RX10,Tteok-bokki.jpg,https://upload.wikimedia.org/wikipedia/commons/thumb/2/27/Tteok-bokki.jpg/330px-Tteok-bokki.jpg
76,떡볶이,1766527477,wikimedia,Tteokbokki with sticky noodle,Noodle spicy ricecake.jpg,https://upload.wikimedia.org/wikipedia/commons/thumb/c/c3/Noodle_spicy_ricecake.jpg/250px-Noodle_spicy_ricecake.jpg
77,떡볶이,1766527477,wikimedia,Taken by Choe Kwangmo with Sony DSC-RX10,Sundae-bokkeum and tteok-bokki.jpg,https://upload.wikimedia.org/wikipedia/commons/thumb/2/21/Sundae-bokkeum_and_tteok-bokki.jpg/330px-Sundae-bokkeum_and_tteok-bokki.jpg
78,떡볶이,1766527477,wikimedia,Tteok-bokki (stir-fried rice cakes),Tteok-bokki 5.jpg,https://upload.wikimedia.org/wikipedia/commons/thumb/5/56/Tteok-bokki_5.jpg/330px-Tteok-bokki_5.jpg
79,떡볶이,1766527477,wikimedia,Bunmoja-tteokbokki (stir-fried rice cake dish made with Chinese starch noodles),Bunmoja-tteokbokki 1.jpg,https://upload.wikimedia.org/wikipedia/commons/thumb/0/02/Bunmoja-tteokbokki_1.jpg/250px-Bunmoja-tteokbokki_1.jpg
80,떡볶이,1766527477,wikimedia,Bunmoja-tteokbokki (stir-fried rice cake dish made with Chinese starch noodles),Bunmoja-tteokbokki 2.jpg,https://upload.wikimedia.org/wikipedia/commons/thumb/d/dc/Bunmoja-tteokbokki_2.jpg/250px-Bunmoja-tteokbokki_2.jpg
81,떡볶이,1766527477,wikimedia,cheese-tteok-bokki,Cheese-tteok-bokki.jpg,https://upload.wikimedia.org/wikipedia/commons/thumb/3/33/Cheese-tteok-bokki.jpg/330px-Cheese-tteok-bokki.jpg
82,떡볶이,1766527477,wikimedia,BonChon Chicken,Duk Bok Kee.jpg,https://upload.wikimedia.org/wikipedia/commons/thumb/4/46/Duk_Bok_Kee.jpg/250px-Duk_Bok_Kee.jpg
83,떡볶이,1766527477,wikimedia,bunsikjib,2020-03-11 12.23.44 분식집.jpg,https://upload.wikimedia.org/wikipedia/commons/thumb/2/21/2020-03-11_12.23.44_%EB%B6%84%EC%8B%9D%EC%A7%91.jpg/250px-2020-03-11_12.23.44_%EB%B6%84%EC%8B%9D%EC%A7%91.jpg
84,떡볶이,1766527477,wikimedia,Tteok-bokki and kimbap at a Seoul snack bar,Tteok-bokki and kimbap at a Seoul snack bar.jpg,https://upload.wikimedia.org/wikipedia/commons/thumb/5/57/Tteok-bokki_and_kimbap_at_a_Seoul_snack_bar.jpg/250px-Tteok-bokki_and_kimbap_at_a_Seoul_snack_bar.jpg
85,떡볶이,1766527477,wikimedia,Tteok-bokki (stir-fried rice cakes),Tteok-bokki 8.jpg,https://upload.wikimedia.org/wikipedia/commons/thumb/0/05/Tteok-bokki_8.jpg/330px-Tteok-bokki_8.jpg
86,떡볶이,1766527477,wikimedia,bunsikjib,2020-03-11 12.24.50 분식집.jpg,https://upload.wikimedia.org/wikipedia/commons/thumb/8/84/2020-03-11_12.24.50_%EB%B6%84%EC%8B%9D%EC%A7%91.jpg/250px-2020-03-11_12.24.50_%EB%B6%84%EC%8B%9D%EC%A7%91.jpg
87,떡볶이,1766527477,wikimedia,"Bunsik stall with twigim (fritters), sundae (blood sausage), tteok-bokki (stir-fried rice cakes), and eomuk-kkochi (fish cake skewers)",Bunsik stall.jpg,https://upload.wikimedia.org/wikipedia/commons/thumb/0/07/Bunsik_stall.jpg/250px-Bunsik_stall.jpg
88,떡볶이,1766527477,wikimedia,明洞ちびのり巻きの画像,明洞ちびのり巻きIMG 202201 01.jpg,https://upload.wikimedia.org/wikipedia/commons/thumb/8/83/%E6%98%8E%E6%B4%9E%E3%81%A1%E3%81%B3%E3%81%AE%E3%82%8A%E5%B7%BB%E3%81%8DIMG_202201_01.jpg/330px-%E6%98%8E%E6%B4%9E%E3%81%A1%E3%81%B3%E3%81%AE%E3%82%8A%E5%B7%BB%E3%81%8DIMG_202201_01.jpg
89,떡볶이,1766527477,wikimedia,Tteokbokki and fried dish with Tteokbokki sauce and sundae value meals,떡튀순.JPG,https://upload.wikimedia.org/wikipedia/commons/thumb/b/b4/%EB%96%A1%ED%8A%80%EC%88%9C.JPG/250px-%EB%96%A1%ED%8A%80%EC%88%9C.JPG
90,떡볶이,1766527477,wikimedia,Korean food at Tteokbokki restaurant in Shin-Okubo,Korean food at Tteokbokki restaurant in Shin-Okubo.jpg,https://upload.wikimedia.org/wikipedia/commons/thumb/e/eb/Korean_food_at_Tteokbokki_restaurant_in_Shin-Okubo.jpg/250px-Korean_food_at_Tteokbokki_restaurant_in_Shin-Okubo.jpg
91,떡볶이,1766527477,wikimedia,Gungmul-tteok-bokki (soupy spicy rice cakes),Gungmul-tteok-bokki 1.jpg,https://upload.wikimedia.org/wikipedia/commons/thumb/e/e7/Gungmul-tteok-bokki_1.jpg/250px-Gungmul-tteok-bokki_1.jpg
92,떡볶이,1766527477,wikimedia,Food.,Food (31640038410).jpg,https://upload.wikimedia.org/wikipedia/commons/thumb/0/07/Food_%2831640038410%29.jpg/330px-Food_%2831640038410%29.jpg
93,떡볶이,1766527477,wikimedia,"Bunmoja-tteokbokki (stir-fried rice cake dish made with Chinese starch noodles), mayak-gimbap (mini seaweed rolls), and twigim-mandu (deep-fried dumplings)","Bunmoja-tteokbokki, mayak-gimbap, twigim-mandu 2.jpg",https://upload.wikimedia.org/wikipedia/commons/thumb/2/28/Bunmoja-tteokbokki%2C_mayak-gimbap%2C_twigim-mandu_2.jpg/250px-Bunmoja-tteokbokki%2C_mayak-gimbap%2C_twigim-mandu_2.jpg
94,떡볶이,1766527477,wikimedia,أنيس منصور,الإكتشاف ليس أن تجد أرضاً جديدة .. وإنما أن ترى بعيون جديدة (26020851282).jpg,https://upload.wikimedia.org/wikipedia/commons/thumb/b/b4/%D8%A7%D9%84%D8%A5%D9%83%D8%AA%D8%B4%D8%A7%D9%81_%D9%84%D9%8A%D8%B3_%D8%A3%D9%86_%D8%AA%D8%AC%D8%AF_%D8%A3%D8%B1%D8%B6%D8%A7%D9%8B_%D8%AC%D8%AF%D9%8A%D8%AF%D8%A9_.._%D9%88%D8%A5%D9%86%D9%85%D8%A7_%D8%A3%D9%86_%D8%AA%D8%B1%D9%89_%D8%A8%D8%B9%D9%8A%D9%88%D9%86_%D8%AC%D8%AF%D9%8A%D8%AF%D8%A9_%2826020851282%29.jpg/250px-%D8%A7%D9%84%D8%A5%D9%83%D8%AA%D8%B4%D8%A7%D9%81_%D9%84%D9%8A%D8%B3_%D8%A3%D9%86_%D8%AA%D8%AC%D8%AF_%D8%A3%D8%B1%D8%B6%D8%A7%D9%8B_%D8%AC%D8%AF%D9%8A%D8%AF%D8%A9_.._%D9%88%D8%A5%D9%86%D9%85%D8%A7_%D8%A3%D9%86_%D8%AA%D8%B1%D9%89_%D8%A8%D8%B9%D9%8A%D9%88%D9%86_%D8%AC%D8%AF%D9%8A%D8%AF%D8%A9_%2826020851282%29.jpg
95,떡볶이,1766527477,wikimedia,aka tteokbokki. with pork toppings,Korean rice cake.jpg,https://upload.wikimedia.org/wikipedia/commons/thumb/5/5d/Korean_rice_cake.jpg/330px-Korean_rice_cake.jpg
96,떡볶이,1766527477,wikimedia,Ddeokbokki (panbroiled rice cakes with vegetables and fish pastes in hot spicy saute),Ddeokbokki-01.jpg,https://upload.wikimedia.org/wikipedia/commons/thumb/f/f0/Ddeokbokki-01.jpg/250px-Ddeokbokki-01.jpg
97,떡볶이,1766527477,wikimedia,Dduckbokki (panbroiled spicy rice cake with vegetables),Dukbokgi.jpg,https://upload.wikimedia.org/wikipedia/commons/thumb/f/ff/Dukbokgi.jpg/250px-Dukbokgi.jpg
98,떡볶이,1766527477,wikimedia,Chijeu-tteok-bokki (stir-fried rice cakes with cheese),Cheese-tteok-bokki 1.jpg,https://upload.wikimedia.org/wikipedia/commons/thumb/8/80/Cheese-tteok-bokki_1.jpg/250px-Cheese-tteok-bokki_1.jpg
99,떡볶이,1766527477,wikimedia,"Stir-fried rice cakes with ground pork, gochujang, and gailan","Stir-fried rice cakes with ground pork, gochujang, and gailan.jpg",https://upload.wikimedia.org/wikipedia/commons/thumb/8/80/Stir-fried_rice_cakes_with_ground_pork%2C_gochujang%2C_and_gailan.jpg/250px-Stir-fried_rice_cakes_with_ground_pork%2C_gochujang%2C_and_gailan.jpg
1,비빔밥,1464608465,encykorea,"보편적인 일품요리로 골동반(骨董飯)이라고도 하였고, 궁중에서는 비빔이라고 하였다.",비빔밥,https://devin.aks.ac.kr/image/16072ccd-9f5b-4250-af54-88aba59b5295?preset=page
2,비빔밥,1464608465,folkency,곡물로 지은 밥에 채소·나물·반찬·고기·양념 등을 넣고 비빈 밥.,,https://folkency.nfm.go.kr/api/file/images/75055?type=t
3,비빔밥,1464608465,wikimedia,Bibimbap (mixed rice),Bibimbap 7.jpg,https://upload.wikimedia.org/wikipedia/commons/thumb/a/a4/Bibimbap_7.jpg/330px-Bibimbap_7.jpg
4,비빔밥,1464608465,wikimedia,Bibimbap (mixed rice),Bibimbap 6.jpg,https://upload.wikimedia.org/wikipedia/commons/thumb/a/a1/Bibimbap_6.jpg/330px-Bibimbap_6.jpg
5,비빔밥,1464608465,wikimedia,"""Bokkeum Bibimbap"" and ""Little Piggy Bao Bun"" by Bao Bun Brighton",Bokkeum Bibimbap and Little Piggy Bao Bun by Bao Bun Brighton.jpg,https://upload.wikimedia.org/wikipedia/commons/thumb/2/20/Bokkeum_Bibimbap_and_Little_Piggy_Bao_Bun_by_Bao_Bun_Brighton.jpg/250px-Bokkeum_Bibimbap_and_Little_Piggy_Bao_Bun_by_Bao_Bun_Brighton.jpg
6,비빔밥,1464608465,wikimedia,Seoul Bibimbap (beef) - Time For Kimchi,Seoul Bibimbap (beef) - Time For Kimchi.jpg,https://upload.wikimedia.org/wikipedia/commons/thumb/9/92/Seoul_Bibimbap_%28beef%29_-_Time_For_Kimchi.jpg/250px-Seoul_Bibimbap_%28beef%29_-_Time_For_Kimchi.jpg
7,비빔밥,1464608465,wikimedia,"Dolsot bibimbap, a Korean traditional dish comprising various namul and rice",Korean.food-Bibimbap-02.jpg,https://upload.wikimedia.org/wikipedia/commons/thumb/f/f5/Korean.food-Bibimbap-02.jpg/250px-Korean.food-Bibimbap-02.jpg
8,비빔밥,1464608465,wikimedia,"CNY24 for this ""12-12 Special"", in commemoration of the Fifth Republic.","Bibimbap at Micun Bibimbap, CapitaMall Crystal (20211212122041).jpg",https://upload.wikimedia.org/wikipedia/commons/thumb/8/8f/Bibimbap_at_Micun_Bibimbap%2C_CapitaMall_Crystal_%2820211212122041%29.jpg/330px-Bibimbap_at_Micun_Bibimbap%2C_CapitaMall_Crystal_%2820211212122041%29.jpg
9,비빔밥,1464608465,wikimedia,"Bibimbap, a Korean dish",Korean cuisine-Bibimbap-08.jpg,https://upload.wikimedia.org/wikipedia/commons/thumb/6/63/Korean_cuisine-Bibimbap-08.jpg/250px-Korean_cuisine-Bibimbap-08.jpg
10,비빔밥,1464608465,wikimedia,Bibimbap and kimchi,Bibimbap and kimchi.jpg,https://upload.wikimedia.org/wikipedia/commons/thumb/b/b6/Bibimbap_and_kimchi.jpg/500px-Bibimbap_and_kimchi.jpg
11,비빔밥,1464608465,wikimedia,"Food image; bowl with zucchini, carrot, cucumber, spinach, sunny side up egg, and sesame seed.",Bibimbap with egg.jpg,https://upload.wikimedia.org/wikipedia/commons/thumb/f/fe/Bibimbap_with_egg.jpg/250px-Bibimbap_with_egg.jpg
12,비빔밥,1464608465,wikimedia,Brighton Bibimbap (tofu) - Time For Kimchi,Brighton Bibimbap (tofu) - Time For Kimchi.jpg,https://upload.wikimedia.org/wikipedia/commons/thumb/7/73/Brighton_Bibimbap_%28tofu%29_-_Time_For_Kimchi.jpg/250px-Brighton_Bibimbap_%28tofu%29_-_Time_For_Kimchi.jpg
13,비빔밥,1464608465,wikimedia,Bibimbap,Bibimbap (8111593238).jpg,https://upload.wikimedia.org/wikipedia/commons/thumb/5/5c/Bibimbap_%288111593238%29.jpg/250px-Bibimbap_%288111593238%29.jpg
14,비빔밥,1464608465,wikimedia,"Description on menu: ""Choice of mushroom or tofu with organic fried egg""",Brighton Bibimbap (mushroom) - Time For Kimchi 2023-12-15.jpg,https://upload.wikimedia.org/wikipedia/commons/thumb/c/c5/Brighton_Bibimbap_%28mushroom%29_-_Time_For_Kimchi_2023-12-15.jpg/250px-Brighton_Bibimbap_%28mushroom%29_-_Time_For_Kimchi_2023-12-15.jpg
15,비빔밥,1464608465,wikimedia,Beef Bibimbap,Beef Bibimbap - SAERO 2025-11-06.jpg,https://upload.wikimedia.org/wikipedia/commons/thumb/9/90/Beef_Bibimbap_-_SAERO_2025-11-06.jpg/250px-Beef_Bibimbap_-_SAERO_2025-11-06.jpg
16,비빔밥,1464608465,wikimedia,Tofu Bi Bim Bap by Korpan,Tofu Bi Bim Bap - Korpan.jpg,https://upload.wikimedia.org/wikipedia/commons/thumb/7/7b/Tofu_Bi_Bim_Bap_-_Korpan.jpg/250px-Tofu_Bi_Bim_Bap_-_Korpan.jpg
17,비빔밥,1464608465,wikimedia,"Items:
left: Beef Bulgogi Bibimbab - ""Rice topped with mixed vegetables and fried egg served in a hot stone pot with spicy bibimbab sauce on the side""
right: Soft Tofu Jigae with rice - ""Spicy soup wi","Dinner at YORI, Brighton 2023-08-28.jpg",https://upload.wikimedia.org/wikipedia/commons/thumb/8/8c/Dinner_at_YORI%2C_Brighton_2023-08-28.jpg/250px-Dinner_at_YORI%2C_Brighton_2023-08-28.jpg
18,비빔밥,1464608465,wikimedia,"Jeyukbibimbap (Rice topped with assorted vegetables, fried egg with spicy bacon in pepper sauce or soy sauceand sliced pork) at Hana Restaurant, Milan, 2023","Jeyukbibimbap at Hana Restaurant, Milan, 2023.jpg",https://upload.wikimedia.org/wikipedia/commons/thumb/e/ef/Jeyukbibimbap_at_Hana_Restaurant%2C_Milan%2C_2023.jpg/250px-Jeyukbibimbap_at_Hana_Restaurant%2C_Milan%2C_2023.jpg
19,비빔밥,1464608465,wikimedia,Kimchi and bibimbap,Kimchi and bibimbap.jpg,https://upload.wikimedia.org/wikipedia/commons/thumb/f/fa/Kimchi_and_bibimbap.jpg/500px-Kimchi_and_bibimbap.jpg
20,비빔밥,1464608465,wikimedia,A bowl of already mixed 돌솥 비빔밥 (dolsot bibimbap),Bibimbap mixed.jpg,https://upload.wikimedia.org/wikipedia/commons/thumb/6/6f/Bibimbap_mixed.jpg/250px-Bibimbap_mixed.jpg
21,비빔밥,1464608465,wikimedia,Bibimbap.,Bibimbap in Handan 1.jpg,https://upload.wikimedia.org/wikipedia/commons/thumb/a/a3/Bibimbap_in_Handan_1.jpg/250px-Bibimbap_in_Handan_1.jpg
22,비빔밥,1464608465,wikimedia,Bibimbap (mixed rice),Bibimbap 8.jpg,https://upload.wikimedia.org/wikipedia/commons/thumb/2/2a/Bibimbap_8.jpg/330px-Bibimbap_8.jpg
23,비빔밥,1464608465,wikimedia,Seafood Bibimbap,Bibimbap seafood.JPG,https://upload.wikimedia.org/wikipedia/commons/thumb/9/93/Bibimbap_seafood.JPG/250px-Bibimbap_seafood.JPG
24,비빔밥,1464608465,wikimedia,Simply Aviation flight 16-DEC-2022: KE938 VIE-ICN (B777-300ER - HL8210) - economy class in-flight meal,16-DEC-2022 - KE938 VIE-ICN (B777-300ER - HL8210) (02).jpg,https://upload.wikimedia.org/wikipedia/commons/thumb/c/ca/16-DEC-2022_-_KE938_VIE-ICN_%28B777-300ER_-_HL8210%29_%2802%29.jpg/250px-16-DEC-2022_-_KE938_VIE-ICN_%28B777-300ER_-_HL8210%29_%2802%29.jpg
25,비빔밥,1464608465,wikimedia,"Jeonju Bibimbap (vorne links), noch ungemischt, mit Beilagen.",Bibimbap with side dishes.jpg,https://upload.wikimedia.org/wikipedia/commons/thumb/a/ad/Bibimbap_with_side_dishes.jpg/250px-Bibimbap_with_side_dishes.jpg
26,비빔밥,1464608465,wikimedia,Bibimbap is one of the representative Korean foods these days. This bibimbap has the custom of putting all the side dishes in the remaining rice and mixing it.,"Bibimbap, the symbol of Korea.jpg",https://upload.wikimedia.org/wikipedia/commons/thumb/f/f6/Bibimbap%2C_the_symbol_of_Korea.jpg/250px-Bibimbap%2C_the_symbol_of_Korea.jpg
27,비빔밥,1464608465,wikimedia,"Platillo coreano que consiste en arroz con carne, germen de soya, verduras salteadas y un huevo frito. Se sirve en plato caliente y se combina con salsa picante (gochujang, 고추장 en hangul)",Bibimbap y guarniciones.jpg,https://upload.wikimedia.org/wikipedia/commons/thumb/4/4f/Bibimbap_y_guarniciones.jpg/250px-Bibimbap_y_guarniciones.jpg
28,비빔밥,1464608465,wikimedia,Bibimbap with kkakdugi,Bibimbap with kkakdugi.jpg,https://upload.wikimedia.org/wikipedia/commons/thumb/f/f6/Bibimbap_with_kkakdugi.jpg/330px-Bibimbap_with_kkakdugi.jpg
29,비빔밥,1464608465,wikimedia,"A set meal of bibimbap, South Korea.",Bibimbap Set.JPG,https://upload.wikimedia.org/wikipedia/commons/thumb/3/35/Bibimbap_Set.JPG/330px-Bibimbap_Set.JPG
30,비빔밥,1464608465,wikimedia,Meongge-bibimbap (sea pineapple mixed rice),Meongge-bibimbap 1.jpg,https://upload.wikimedia.org/wikipedia/commons/thumb/b/b4/Meongge-bibimbap_1.jpg/330px-Meongge-bibimbap_1.jpg
31,비빔밥,1464608465,wikimedia,"A Korean Rice Dish named ""B-EE-B-AW-M-B-AW-P"" containing rice, one egg, and an assortment of shredded vegetables",Bibimbap Outlined and Isolated.png,https://upload.wikimedia.org/wikipedia/commons/thumb/c/c6/Bibimbap_Outlined_and_Isolated.png/330px-Bibimbap_Outlined_and_Isolated.png
32,비빔밥,1464608465,wikimedia,Bibimbap made by Mrs. Jang,Bibimbap made by Mrs. Jang.jpg,https://upload.wikimedia.org/wikipedia/commons/thumb/f/f9/Bibimbap_made_by_Mrs._Jang.jpg/250px-Bibimbap_made_by_Mrs._Jang.jpg
33,비빔밥,1464608465,wikimedia,Sanchae Bibimbap in homemade style,Sanchae Bibimbap in homemade style.jpg,https://upload.wikimedia.org/wikipedia/commons/thumb/0/09/Sanchae_Bibimbap_in_homemade_style.jpg/330px-Sanchae_Bibimbap_in_homemade_style.jpg
34,비빔밥,1464608465,wikimedia,Bibimbap in Korean cuisine,Korean cuisine-Bibimbap-01.jpg,https://upload.wikimedia.org/wikipedia/commons/thumb/c/ca/Korean_cuisine-Bibimbap-01.jpg/250px-Korean_cuisine-Bibimbap-01.jpg
35,비빔밥,1464608465,wikimedia,松屋 豚ビビン丼,Pork bibimbap-don of Matsuya.jpg,https://upload.wikimedia.org/wikipedia/commons/thumb/8/81/Pork_bibimbap-don_of_Matsuya.jpg/250px-Pork_bibimbap-don_of_Matsuya.jpg
36,비빔밥,1464608465,wikimedia,Cantonese luxury bibimbap with seafood in Chinese restaurant at tsing yi,Bibimbap with seafood in chinese new year.jpg,https://upload.wikimedia.org/wikipedia/commons/thumb/f/f5/Bibimbap_with_seafood_in_chinese_new_year.jpg/250px-Bibimbap_with_seafood_in_chinese_new_year.jpg
37,비빔밥,1464608465,wikimedia,일본 비빔밥,비빔밥.jpg,https://upload.wikimedia.org/wikipedia/commons/thumb/5/55/%EB%B9%84%EB%B9%94%EB%B0%A5.jpg/250px-%EB%B9%84%EB%B9%94%EB%B0%A5.jpg
38,비빔밥,1464608465,wikimedia,"Bibimbap, a Korean dish made with various namul(seasoned vegetable) and ground beef.",Korean.cuisine-Bibimbap-06.jpg,https://upload.wikimedia.org/wikipedia/commons/thumb/a/a6/Korean.cuisine-Bibimbap-06.jpg/330px-Korean.cuisine-Bibimbap-06.jpg
39,비빔밥,1464608465,wikimedia,yum,Bibimbap 2.jpg,https://upload.wikimedia.org/wikipedia/commons/thumb/8/8a/Bibimbap_2.jpg/250px-Bibimbap_2.jpg
40,비빔밥,1464608465,wikimedia,"Bibimbap at a Korean restaurant in Waterford Plaza near Bentley, Western Australia.",Bibimbap at Seoul Waterford.jpg,https://upload.wikimedia.org/wikipedia/commons/thumb/1/11/Bibimbap_at_Seoul_Waterford.jpg/250px-Bibimbap_at_Seoul_Waterford.jpg
41,비빔밥,1464608465,wikimedia,Dolsot-bibimbap,Dolsot-bibimbap.jpg,https://upload.wikimedia.org/wikipedia/commons/thumb/4/44/Dolsot-bibimbap.jpg/330px-Dolsot-bibimbap.jpg
42,비빔밥,1464608465,wikimedia,韓式拌飯剛上桌時的樣子。攝於南韓釜山。,石鍋拌飯 비빔밥 Bibimbap.jpg,https://upload.wikimedia.org/wikipedia/commons/thumb/7/78/%E7%9F%B3%E9%8D%8B%E6%8B%8C%E9%A3%AF_%EB%B9%84%EB%B9%94%EB%B0%A5_Bibimbap.jpg/250px-%E7%9F%B3%E9%8D%8B%E6%8B%8C%E9%A3%AF_%EB%B9%84%EB%B9%94%EB%B0%A5_Bibimbap.jpg
43,비빔밥,1464608465,wikimedia,bibimbap,Bibimbap 3.jpg,https://upload.wikimedia.org/wikipedia/commons/thumb/d/d2/Bibimbap_3.jpg/330px-Bibimbap_3.jpg
44,비빔밥,1464608465,wikimedia,Galbi Bibimbap in Hong Kong,Galbi Bibimbap in Hong Kong.jpg,https://upload.wikimedia.org/wikipedia/commons/thumb/c/cf/Galbi_Bibimbap_in_Hong_Kong.jpg/250px-Galbi_Bibimbap_in_Hong_Kong.jpg
45,비빔밥,1464608465,wikimedia,"The Arirang BBQ restaurant in Pyongyang has quite possibly the best bibimbap in the city. Beef is served raw over mountain roots, vegetables and rice. When mixed in the sizzling hot stone pot, the bee",North Korean Bibimbap 비빔밥 (12330376074).jpg,https://upload.wikimedia.org/wikipedia/commons/thumb/b/bc/North_Korean_Bibimbap_%EB%B9%84%EB%B9%94%EB%B0%A5_%2812330376074%29.jpg/330px-North_Korean_Bibimbap_%EB%B9%84%EB%B9%94%EB%B0%A5_%2812330376074%29.jpg
46,비빔밥,1464608465,wikimedia,ビビンバ,Korean.food-Bibimbap-03.jpg,https://upload.wikimedia.org/wikipedia/commons/thumb/0/01/Korean.food-Bibimbap-03.jpg/250px-Korean.food-Bibimbap-03.jpg
47,비빔밥,1464608465,wikimedia,Meongge-bibimbap (sea pineapple mixed rice),Meongge-bibimbap 2.jpg,https://upload.wikimedia.org/wikipedia/commons/thumb/7/70/Meongge-bibimbap_2.jpg/330px-Meongge-bibimbap_2.jpg
48,비빔밥,1464608465,wikimedia,Bibimbap @ korean restaurant at the beijing int'l airport,Korean cuisine-Bibimbap-06.jpg,https://upload.wikimedia.org/wikipedia/commons/thumb/a/af/Korean_cuisine-Bibimbap-06.jpg/330px-Korean_cuisine-Bibimbap-06.jpg
49,비빔밥,1464608465,wikimedia,콩나물 비빔밥,Korean.food-Bibimbap-01.jpg,https://upload.wikimedia.org/wikipedia/commons/thumb/5/51/Korean.food-Bibimbap-01.jpg/250px-Korean.food-Bibimbap-01.jpg
50,비빔밥,1464608465,wikimedia,ビビンバ（米国ニューヨーク州ニューヨークの韓国料理店「Gahm Mi Oak　ガンミオク」）,Bibimbap by dizznbonn in New York.jpg,https://upload.wikimedia.org/wikipedia/commons/thumb/0/08/Bibimbap_by_dizznbonn_in_New_York.jpg/250px-Bibimbap_by_dizznbonn_in_New_York.jpg
51,비빔밥,1464608465,wikimedia,"Bibimbap with mung bean sprouts, white radish, green salad and homemade bibimbap soy sauce with chili flakes. Served with seaweed salad and bulgogi. Photographed at the Korean restaurant DUKKI, Burgsd",Bibimbap Dukki Berlin.jpg,https://upload.wikimedia.org/wikipedia/commons/thumb/c/c8/Bibimbap_Dukki_Berlin.jpg/250px-Bibimbap_Dukki_Berlin.jpg
52,비빔밥,1464608465,wikimedia,Bibimbap at Down The Rabbit Hole 2018,Bibimbap at Down The Rabbit Hole 2018.jpg,https://upload.wikimedia.org/wikipedia/commons/thumb/a/ad/Bibimbap_at_Down_The_Rabbit_Hole_2018.jpg/120px-Bibimbap_at_Down_The_Rabbit_Hole_2018.jpg
53,비빔밥,1464608465,wikimedia,Bibimbap (Korean mixed rice).,Bibimbap Solo.JPG,https://upload.wikimedia.org/wikipedia/commons/thumb/e/e4/Bibimbap_Solo.JPG/330px-Bibimbap_Solo.JPG
54,비빔밥,1464608465,wikimedia,Korean cuisine-Bibimbap,Korean cuisine-Bibimbap-03.jpg,https://upload.wikimedia.org/wikipedia/commons/thumb/2/2b/Korean_cuisine-Bibimbap-03.jpg/330px-Korean_cuisine-Bibimbap-03.jpg
55,비빔밥,1464608465,wikimedia,"Korean bibimbap at Food Public Food Court of Tsim Sha Tsui in Tsim Sha Tsui, Hong Kong",Korean bibimbap at Food Court TST.jpg,https://upload.wikimedia.org/wikipedia/commons/thumb/f/f1/Korean_bibimbap_at_Food_Court_TST.jpg/330px-Korean_bibimbap_at_Food_Court_TST.jpg
56,비빔밥,1464608465,wikimedia,"Bibimbap, a Korean dish made with various namul(seasoned vegetable) and ground beef.",Korean.cuisine-Bibimbap-09.jpg,https://upload.wikimedia.org/wikipedia/commons/thumb/f/fe/Korean.cuisine-Bibimbap-09.jpg/250px-Korean.cuisine-Bibimbap-09.jpg
57,비빔밥,1464608465,wikimedia,松屋 アンガス牛焼ビビン丼（580円）,Grilled Angus beef bibimbap bowl of Matsuya.jpg,https://upload.wikimedia.org/wikipedia/commons/thumb/7/70/Grilled_Angus_beef_bibimbap_bowl_of_Matsuya.jpg/330px-Grilled_Angus_beef_bibimbap_bowl_of_Matsuya.jpg
58,비빔밥,1464608465,wikimedia,(설명 없음),Bibimbap Korean sushi roll single2.jpg,https://upload.wikimedia.org/wikipedia/commons/thumb/9/9f/Bibimbap_Korean_sushi_roll_single2.jpg/250px-Bibimbap_Korean_sushi_roll_single2.jpg
59,비빔밥,1464608465,wikimedia,(설명 없음),Bibimbap and banchan.jpg,https://upload.wikimedia.org/wikipedia/commons/thumb/2/20/Bibimbap_and_banchan.jpg/250px-Bibimbap_and_banchan.jpg
60,비빔밥,1464608465,wikimedia,"Nakji bibimbap, a Korean dish",Korean cuisine-Nakji bibimbap-01.jpg,https://upload.wikimedia.org/wikipedia/commons/thumb/5/52/Korean_cuisine-Nakji_bibimbap-01.jpg/250px-Korean_cuisine-Nakji_bibimbap-01.jpg
61,비빔밥,1464608465,wikimedia,ジャージャン麺と小ビビンバ,Zhajianmian and bibimbap in Japan by ume-y.jpg,https://upload.wikimedia.org/wikipedia/commons/thumb/8/81/Zhajianmian_and_bibimbap_in_Japan_by_ume-y.jpg/330px-Zhajianmian_and_bibimbap_in_Japan_by_ume-y.jpg
62,비빔밥,1464608465,wikimedia,"Korean bibimbap at Food Court in Tsim Sha Tsui, Hong Kong",Korean bibimbap at Food Court of Tsim Sha Tsui.jpg,https://upload.wikimedia.org/wikipedia/commons/thumb/e/ec/Korean_bibimbap_at_Food_Court_of_Tsim_Sha_Tsui.jpg/330px-Korean_bibimbap_at_Food_Court_of_Tsim_Sha_Tsui.jpg
63,비빔밥,1464608465,wikimedia,Bibimbap in Korean cuisine,Korean.cuisine-Bibimbap-10.jpg,https://upload.wikimedia.org/wikipedia/commons/thumb/4/43/Korean.cuisine-Bibimbap-10.jpg/250px-Korean.cuisine-Bibimbap-10.jpg
64,비빔밥,1464608465,wikimedia,Stone bowl Bibimbap,Stone bowl Bibimbap (29938996780).jpg,https://upload.wikimedia.org/wikipedia/commons/thumb/3/33/Stone_bowl_Bibimbap_%2829938996780%29.jpg/330px-Stone_bowl_Bibimbap_%2829938996780%29.jpg
65,비빔밥,1464608465,wikimedia,Bibimbap in Korean cuisine,Korean cuisine-Bibimbap clip-01.png,https://upload.wikimedia.org/wikipedia/commons/7/7b/Korean_cuisine-Bibimbap_clip-01.png
66,비빔밥,1464608465,wikimedia,"A view of Sokcho, Gangwon-do, South Korea",Korea-Sokcho-Sanchae jeongsik-Bibimbap-01.jpg,https://upload.wikimedia.org/wikipedia/commons/thumb/6/6a/Korea-Sokcho-Sanchae_jeongsik-Bibimbap-01.jpg/330px-Korea-Sokcho-Sanchae_jeongsik-Bibimbap-01.jpg
67,비빔밥,1464608465,wikimedia,(설명 없음),Bibimbap Korean sushi roll1.jpg,https://upload.wikimedia.org/wikipedia/commons/thumb/b/b0/Bibimbap_Korean_sushi_roll1.jpg/330px-Bibimbap_Korean_sushi_roll1.jpg
68,비빔밥,1464608465,wikimedia,Bibimbap,Korean cuisine-Bibimbap-04.jpg,https://upload.wikimedia.org/wikipedia/commons/thumb/d/d3/Korean_cuisine-Bibimbap-04.jpg/250px-Korean_cuisine-Bibimbap-04.jpg
69,비빔밥,1464608465,wikimedia,"View of Tongyeong, South Gyeongsang province, South Korea",Korea-Tongyeong food-Meongge bibimbap-01.jpg,https://upload.wikimedia.org/wikipedia/commons/thumb/e/e3/Korea-Tongyeong_food-Meongge_bibimbap-01.jpg/330px-Korea-Tongyeong_food-Meongge_bibimbap-01.jpg
70,비빔밥,1464608465,wikimedia,"Items:
left: Beef Bulgogi - ""with garlic and soy sauce served with rice and salad leaves""
right: Brighton Bibimbap - ""Choice of mushroom or tofu with organic fried egg"" (tofu was chosen)
drink: SFC Sp",Lunch at Time For Kimchi 2023-10-02.jpg,https://upload.wikimedia.org/wikipedia/commons/thumb/6/66/Lunch_at_Time_For_Kimchi_2023-10-02.jpg/250px-Lunch_at_Time_For_Kimchi_2023-10-02.jpg
71,비빔밥,1464608465,wikimedia,Bibimbap @ Baptori @ Paris,"Bibimbap, Baptori, Paris 20 September 2016 002.jpg",https://upload.wikimedia.org/wikipedia/commons/thumb/3/3c/Bibimbap%2C_Baptori%2C_Paris_20_September_2016_002.jpg/250px-Bibimbap%2C_Baptori%2C_Paris_20_September_2016_002.jpg
72,비빔밥,1464608465,wikimedia,제주도의 메이즈랜드 식당에서 촬영한 비빔밥,"Bibimbap at MazeLand, Jeju, Korea.JPG",https://upload.wikimedia.org/wikipedia/commons/thumb/5/55/Bibimbap_at_MazeLand%2C_Jeju%2C_Korea.JPG/250px-Bibimbap_at_MazeLand%2C_Jeju%2C_Korea.JPG
73,비빔밥,1464608465,wikimedia,A Korean bibimbap in Korean Grill Meat Restaurant at North Point,A Korean bibimbap in Korean Grill Meat Restaurant at North Point.jpg,https://upload.wikimedia.org/wikipedia/commons/thumb/a/ad/A_Korean_bibimbap_in_Korean_Grill_Meat_Restaurant_at_North_Point.jpg/250px-A_Korean_bibimbap_in_Korean_Grill_Meat_Restaurant_at_North_Point.jpg
74,비빔밥,1464608465,wikimedia,"Bibimbap, various banchan (small side dishes), and doenjangguk (soup made with doenjang, bean paste soup) in Korean cuisine",Korean cuisine-Bibimbap-Banchan-Guk-01.jpg,https://upload.wikimedia.org/wikipedia/commons/thumb/0/0c/Korean_cuisine-Bibimbap-Banchan-Guk-01.jpg/250px-Korean_cuisine-Bibimbap-Banchan-Guk-01.jpg
75,비빔밥,1464608465,wikimedia,Banchan and Bibimbap,Korean cuisine-Bibimbap and banchan.jpg,https://upload.wikimedia.org/wikipedia/commons/thumb/9/92/Korean_cuisine-Bibimbap_and_banchan.jpg/250px-Korean_cuisine-Bibimbap_and_banchan.jpg
76,비빔밥,1464608465,wikimedia,"Foundation Day Celebration at Korean Ambassador's House on October 6, 2009",Korean cuisine-Giant bibimbap for the event-01.jpg,https://upload.wikimedia.org/wikipedia/commons/thumb/5/5b/Korean_cuisine-Giant_bibimbap_for_the_event-01.jpg/330px-Korean_cuisine-Giant_bibimbap_for_the_event-01.jpg
77,비빔밥,1464608465,wikimedia,Asiana Airlines NRT to ICN Business Class Lunch: Bibimbap,Asiana Airlines NRT to ICN Business Class Lunch- Bibimbap (8300647291).jpg,https://upload.wikimedia.org/wikipedia/commons/thumb/d/d2/Asiana_Airlines_NRT_to_ICN_Business_Class_Lunch-_Bibimbap_%288300647291%29.jpg/330px-Asiana_Airlines_NRT_to_ICN_Business_Class_Lunch-_Bibimbap_%288300647291%29.jpg
78,비빔밥,1464608465,wikimedia,Bibimbap @ Dokkebi @ Paris,"Bibimbap, Dokkebi, Paris 002.jpg",https://upload.wikimedia.org/wikipedia/commons/thumb/9/94/Bibimbap%2C_Dokkebi%2C_Paris_002.jpg/330px-Bibimbap%2C_Dokkebi%2C_Paris_002.jpg
79,비빔밥,1464608465,wikimedia,Mixed @ Bibimbap @ Kohyang @ Paris,"Bibimbap, Kohyang, Paris 24 November 2016 003.jpg",https://upload.wikimedia.org/wikipedia/commons/thumb/1/19/Bibimbap%2C_Kohyang%2C_Paris_24_November_2016_003.jpg/330px-Bibimbap%2C_Kohyang%2C_Paris_24_November_2016_003.jpg
80,비빔밥,1464608465,wikimedia,Bibimbap @ Baptori @ Paris,"Bibimbap, Baptori, Paris 20 September 2016 001.jpg",https://upload.wikimedia.org/wikipedia/commons/thumb/3/38/Bibimbap%2C_Baptori%2C_Paris_20_September_2016_001.jpg/250px-Bibimbap%2C_Baptori%2C_Paris_20_September_2016_001.jpg
81,비빔밥,1464608465,wikimedia,Mixed @ Bibimbap @ Kohyang @ Paris,"Bibimbap, Kohyang, Paris 24 November 2016 002.jpg",https://upload.wikimedia.org/wikipedia/commons/thumb/d/dc/Bibimbap%2C_Kohyang%2C_Paris_24_November_2016_002.jpg/330px-Bibimbap%2C_Kohyang%2C_Paris_24_November_2016_002.jpg
82,비빔밥,1464608465,wikimedia,Bibimbap @ Songsan @ Paris,"Bibimbap, Songsan restaurant, 20 Rue Marmontel, Paris August 2016 002.jpg",https://upload.wikimedia.org/wikipedia/commons/thumb/9/99/Bibimbap%2C_Songsan_restaurant%2C_20_Rue_Marmontel%2C_Paris_August_2016_002.jpg/330px-Bibimbap%2C_Songsan_restaurant%2C_20_Rue_Marmontel%2C_Paris_August_2016_002.jpg
83,비빔밥,1464608465,wikimedia,Bibimbap @ Jules & Shim @ Paris,"Bibimbap, Jules et Shim, Paris, 001.jpg",https://upload.wikimedia.org/wikipedia/commons/thumb/7/7c/Bibimbap%2C_Jules_et_Shim%2C_Paris%2C_001.jpg/330px-Bibimbap%2C_Jules_et_Shim%2C_Paris%2C_001.jpg
84,비빔밥,1464608465,wikimedia,Mixed @ Bibimbap @ Kohyang @ Paris,"Bibimbap, Kohyang, Paris 24 November 2016 004.jpg",https://upload.wikimedia.org/wikipedia/commons/thumb/c/c1/Bibimbap%2C_Kohyang%2C_Paris_24_November_2016_004.jpg/330px-Bibimbap%2C_Kohyang%2C_Paris_24_November_2016_004.jpg
85,비빔밥,1464608465,wikimedia,Bibimbap @ Tcham & Bang @ Paris,"Bibimbap, Tcham & Bang, Paris 001.jpg",https://upload.wikimedia.org/wikipedia/commons/thumb/a/a4/Bibimbap%2C_Tcham_%26_Bang%2C_Paris_001.jpg/330px-Bibimbap%2C_Tcham_%26_Bang%2C_Paris_001.jpg
86,비빔밥,1464608465,wikimedia,Jeonju-bibimbap,Bibimbap 4.jpg,https://upload.wikimedia.org/wikipedia/commons/thumb/e/e0/Bibimbap_4.jpg/330px-Bibimbap_4.jpg
87,비빔밥,1464608465,wikimedia,Mixed @ Bibimbap @ Kohyang @ Paris,"Bibimbap, Kohyang, Paris 24 November 2016 001.jpg",https://upload.wikimedia.org/wikipedia/commons/thumb/0/0e/Bibimbap%2C_Kohyang%2C_Paris_24_November_2016_001.jpg/330px-Bibimbap%2C_Kohyang%2C_Paris_24_November_2016_001.jpg
88,비빔밥,1464608465,wikimedia,A bowl of bibimbap served at a restaurant in Jeonju. South Korea.,Bibimbap in Jeonju.jpg,https://upload.wikimedia.org/wikipedia/commons/thumb/9/91/Bibimbap_in_Jeonju.jpg/250px-Bibimbap_in_Jeonju.jpg
89,비빔밥,1464608465,wikimedia,Korean Bibimbap,Korean Bibimbap.jpg,https://upload.wikimedia.org/wikipedia/commons/thumb/9/96/Korean_Bibimbap.jpg/330px-Korean_Bibimbap.jpg
90,비빔밥,1464608465,wikimedia,"Bibimbap at Shin Ramen restaurant in Vallila, Helsinki",Bibimbap in Helsinki.jpg,https://upload.wikimedia.org/wikipedia/commons/thumb/1/10/Bibimbap_in_Helsinki.jpg/250px-Bibimbap_in_Helsinki.jpg
91,비빔밥,1464608465,wikimedia,"Le Manna, 44 Rue de Lourmel, 75015 Paris, France.","Bibimbap, Le Manna, Paris, February 2016.jpg",https://upload.wikimedia.org/wikipedia/commons/thumb/6/6e/Bibimbap%2C_Le_Manna%2C_Paris%2C_February_2016.jpg/330px-Bibimbap%2C_Le_Manna%2C_Paris%2C_February_2016.jpg
92,비빔밥,1464608465,wikimedia,Dolsot Bibimbap @ L'Arbre de Sel @ Paris,"Dolsot bibimbap, L'Arbre de Sel, Paris 26 August 2016 003.jpg",https://upload.wikimedia.org/wikipedia/commons/thumb/b/b2/Dolsot_bibimbap%2C_L%27Arbre_de_Sel%2C_Paris_26_August_2016_003.jpg/330px-Dolsot_bibimbap%2C_L%27Arbre_de_Sel%2C_Paris_26_August_2016_003.jpg
93,비빔밥,1464608465,wikimedia,Bibimbap @ Songsan @ Paris,"Bibimbap, Songsan restaurant, 20 Rue Marmontel, Paris August 2016 001.jpg",https://upload.wikimedia.org/wikipedia/commons/thumb/7/78/Bibimbap%2C_Songsan_restaurant%2C_20_Rue_Marmontel%2C_Paris_August_2016_001.jpg/330px-Bibimbap%2C_Songsan_restaurant%2C_20_Rue_Marmontel%2C_Paris_August_2016_001.jpg
94,비빔밥,1464608465,wikimedia,Bibimbap @ Jules & Shim @ Paris,"Bibimbap, Jules et Shim, Paris, 003.jpg",https://upload.wikimedia.org/wikipedia/commons/thumb/0/0d/Bibimbap%2C_Jules_et_Shim%2C_Paris%2C_003.jpg/330px-Bibimbap%2C_Jules_et_Shim%2C_Paris%2C_003.jpg
95,비빔밥,1464608465,wikimedia,Vegetarian Dolsot Bibimbap @ Jeongane @ Paris,"Vegetarian Dolsot Bibimbap, Jeongane, Paris 001.jpg",https://upload.wikimedia.org/wikipedia/commons/thumb/0/00/Vegetarian_Dolsot_Bibimbap%2C_Jeongane%2C_Paris_001.jpg/250px-Vegetarian_Dolsot_Bibimbap%2C_Jeongane%2C_Paris_001.jpg
96,비빔밥,1464608465,wikimedia,"Le Manna, 44 Rue de Lourmel, 75015 Paris, France.","Dolsot Bibimbap, Le Manna, Paris, February 2016 003.jpg",https://upload.wikimedia.org/wikipedia/commons/thumb/9/9e/Dolsot_Bibimbap%2C_Le_Manna%2C_Paris%2C_February_2016_003.jpg/330px-Dolsot_Bibimbap%2C_Le_Manna%2C_Paris%2C_February_2016_003.jpg
97,비빔밥,1464608465,wikimedia,Bibimbap @ Songsan @ Paris,"Bibimbap, Songsan restaurant, 20 Rue Marmontel, Paris August 2016 003.jpg",https://upload.wikimedia.org/wikipedia/commons/thumb/2/29/Bibimbap%2C_Songsan_restaurant%2C_20_Rue_Marmontel%2C_Paris_August_2016_003.jpg/330px-Bibimbap%2C_Songsan_restaurant%2C_20_Rue_Marmontel%2C_Paris_August_2016_003.jpg
98,비빔밥,1464608465,wikimedia,Vegetarian Dolsot Bibimbap @ Jeongane @ Paris,"Vegetarian Dolsot Bibimbap, Jeongane, Paris 002.jpg",https://upload.wikimedia.org/wikipedia/commons/thumb/6/68/Vegetarian_Dolsot_Bibimbap%2C_Jeongane%2C_Paris_002.jpg/250px-Vegetarian_Dolsot_Bibimbap%2C_Jeongane%2C_Paris_002.jpg
99,비빔밥,1464608465,wikimedia,Dolsot bibimbap @ L'Arbre de Sel @ Montparnasse @ Paris,"Dolsot bibimbap, L'Arbre de Sel, Paris 23 May 2016.jpg",https://upload.wikimedia.org/wikipedia/commons/thumb/d/df/Dolsot_bibimbap%2C_L%27Arbre_de_Sel%2C_Paris_23_May_2016.jpg/330px-Dolsot_bibimbap%2C_L%27Arbre_de_Sel%2C_Paris_23_May_2016.jpg
1,불고기,180758472,encykorea,예전에는 너비아니라고 하였다. 너비아니란 궁중과 서울의 양반집에서 쓰던 말로 고기를 넓게 저몄다는 뜻이다.,불고기,https://devin.aks.ac.kr/image/97dfdbb7-c274-493f-af7d-c81bf70ce4ca?preset=page
2,불고기,180758472,folkency,쇠고기 등을 얇게 저며서 갖은 양념에 재웠다가 불에 구워 먹는 한국의 대표 고기구이.,,https://folkency.nfm.go.kr/api/file/images/82824?type=t
3,불고기,180758472,wikimedia,"Bulgogi, a Korean dish",Korean.cuisine-Bulgogi-01.jpg,https://upload.wikimedia.org/wikipedia/commons/thumb/f/fd/Korean.cuisine-Bulgogi-01.jpg/250px-Korean.cuisine-Bulgogi-01.jpg
4,불고기,180758472,wikimedia,Bulgogi,Bulgogi 3.jpg,https://upload.wikimedia.org/wikipedia/commons/thumb/7/76/Bulgogi_3.jpg/250px-Bulgogi_3.jpg
5,불고기,180758472,wikimedia,Bulgogi (marinated beef),Bulgogi 1.jpg,https://upload.wikimedia.org/wikipedia/commons/thumb/b/b5/Bulgogi_1.jpg/250px-Bulgogi_1.jpg
6,불고기,180758472,wikimedia,Bulgogi,Bulgogi 4.jpg,https://upload.wikimedia.org/wikipedia/commons/thumb/e/e5/Bulgogi_4.jpg/250px-Bulgogi_4.jpg
7,불고기,180758472,wikimedia,Bulgogi (Marinated beef. Served with rice) - Kogi,Bulgogi (Marinated beef. Served with rice) - Kogi 2023-09-11.jpg,https://upload.wikimedia.org/wikipedia/commons/thumb/3/3b/Bulgogi_%28Marinated_beef._Served_with_rice%29_-_Kogi_2023-09-11.jpg/250px-Bulgogi_%28Marinated_beef._Served_with_rice%29_-_Kogi_2023-09-11.jpg
8,불고기,180758472,wikimedia,Dak-bulgogi (spicy chicken bulgogi),Dak-bulgogi.jpg,https://upload.wikimedia.org/wikipedia/commons/thumb/9/9d/Dak-bulgogi.jpg/250px-Dak-bulgogi.jpg
9,불고기,180758472,wikimedia,Spicy Pork Bulgogi @ L'Arbre de Sel @ Montparnasse @ Paris,"Spicy Pork Bulgogi, L'Arbre de Sel, Montparnasse, Paris 003.jpg",https://upload.wikimedia.org/wikipedia/commons/thumb/1/1a/Spicy_Pork_Bulgogi%2C_L%27Arbre_de_Sel%2C_Montparnasse%2C_Paris_003.jpg/330px-Spicy_Pork_Bulgogi%2C_L%27Arbre_de_Sel%2C_Montparnasse%2C_Paris_003.jpg
10,불고기,180758472,wikimedia,Spicy Pork Bulgogi @ L'Arbre de Sel @ Montparnasse @ Paris,"Spicy Pork Bulgogi, L'Arbre de Sel, Montparnasse, Paris 001.jpg",https://upload.wikimedia.org/wikipedia/commons/thumb/8/8c/Spicy_Pork_Bulgogi%2C_L%27Arbre_de_Sel%2C_Montparnasse%2C_Paris_001.jpg/330px-Spicy_Pork_Bulgogi%2C_L%27Arbre_de_Sel%2C_Montparnasse%2C_Paris_001.jpg
11,불고기,180758472,wikimedia,Spicy Pork Bulgogi @ L'Arbre de Sel @ Montparnasse @ Paris,"Spicy Pork Bulgogi, L'Arbre de Sel, Montparnasse, Paris 002.jpg",https://upload.wikimedia.org/wikipedia/commons/thumb/d/d2/Spicy_Pork_Bulgogi%2C_L%27Arbre_de_Sel%2C_Montparnasse%2C_Paris_002.jpg/330px-Spicy_Pork_Bulgogi%2C_L%27Arbre_de_Sel%2C_Montparnasse%2C_Paris_002.jpg
12,불고기,180758472,wikimedia,"Description on menu: ""Soy-marinated bulgogi cooked with broth in an earthenware pot. Served with steamed rice""",Ttukbaegi bulgogi - Bulgogi(beef) hot pot - Kogi Korean cuisine 2024-09-03.jpg,https://upload.wikimedia.org/wikipedia/commons/thumb/8/87/Ttukbaegi_bulgogi_-_Bulgogi%28beef%29_hot_pot_-_Kogi_Korean_cuisine_2024-09-03.jpg/250px-Ttukbaegi_bulgogi_-_Bulgogi%28beef%29_hot_pot_-_Kogi_Korean_cuisine_2024-09-03.jpg
13,불고기,180758472,wikimedia,"Items:
left: Beef Bulgogi - ""with garlic and soy sauce served with rice and salad leaves""
right: Brighton Bibimbap - ""Choice of mushroom or tofu with organic fried egg"" (tofu was chosen)
drink: SFC Sp",Lunch at Time For Kimchi 2023-10-02.jpg,https://upload.wikimedia.org/wikipedia/commons/thumb/6/66/Lunch_at_Time_For_Kimchi_2023-10-02.jpg/250px-Lunch_at_Time_For_Kimchi_2023-10-02.jpg
14,불고기,180758472,wikimedia,Dallae-bulgogi,Dallae-bulgogi 2.jpg,https://upload.wikimedia.org/wikipedia/commons/thumb/0/09/Dallae-bulgogi_2.jpg/330px-Dallae-bulgogi_2.jpg
15,불고기,180758472,wikimedia,Bulgogi in a restaurant in Seoul,Bulgogi in Seoul.jpg,https://upload.wikimedia.org/wikipedia/commons/thumb/e/e4/Bulgogi_in_Seoul.jpg/330px-Bulgogi_in_Seoul.jpg
16,불고기,180758472,wikimedia,bulgogi,Bulgogi 2.jpg,https://upload.wikimedia.org/wikipedia/commons/thumb/c/ce/Bulgogi_2.jpg/250px-Bulgogi_2.jpg
17,불고기,180758472,wikimedia,Bulgogi (marinated beef slices),Bulgogi 8.jpg,https://upload.wikimedia.org/wikipedia/commons/thumb/b/be/Bulgogi_8.jpg/330px-Bulgogi_8.jpg
18,불고기,180758472,wikimedia,Dallae-bulgogi,Dallae-bulgogi 3.jpg,https://upload.wikimedia.org/wikipedia/commons/thumb/8/86/Dallae-bulgogi_3.jpg/330px-Dallae-bulgogi_3.jpg
19,불고기,180758472,wikimedia,Bulgogi,Bulgogi (5019171427).jpg,https://upload.wikimedia.org/wikipedia/commons/thumb/c/c2/Bulgogi_%285019171427%29.jpg/250px-Bulgogi_%285019171427%29.jpg
20,불고기,180758472,wikimedia,Bulgogi (grilled marinated beef slices),Bulgogi 9.jpg,https://upload.wikimedia.org/wikipedia/commons/thumb/c/c9/Bulgogi_9.jpg/330px-Bulgogi_9.jpg
21,불고기,180758472,wikimedia,Bulgogi tots,Bulgogi tots.jpg,https://upload.wikimedia.org/wikipedia/commons/thumb/a/a8/Bulgogi_tots.jpg/250px-Bulgogi_tots.jpg
22,불고기,180758472,wikimedia,Bulgogi-pajeon (scallion pancakes with bulgogi),Bulgogi-pajeon 2.jpg,https://upload.wikimedia.org/wikipedia/commons/thumb/0/06/Bulgogi-pajeon_2.jpg/330px-Bulgogi-pajeon_2.jpg
23,불고기,180758472,wikimedia,Bulgogi-pajeon (scallion pancakes with bulgogi),Bulgogi-pajeon 1.jpg,https://upload.wikimedia.org/wikipedia/commons/thumb/e/e7/Bulgogi-pajeon_1.jpg/330px-Bulgogi-pajeon_1.jpg
24,불고기,180758472,wikimedia,"Bulgogi, Korean barbeque",Korean barbeque-Bulgogi-09.jpg,https://upload.wikimedia.org/wikipedia/commons/thumb/d/d0/Korean_barbeque-Bulgogi-09.jpg/250px-Korean_barbeque-Bulgogi-09.jpg
25,불고기,180758472,wikimedia,Bulgogi in Korean cuisine,Korean barbeque-Bulgogi-06.jpg,https://upload.wikimedia.org/wikipedia/commons/thumb/8/83/Korean_barbeque-Bulgogi-06.jpg/250px-Korean_barbeque-Bulgogi-06.jpg
26,불고기,180758472,wikimedia,Bulgogi crêpe,Bulgogi crêpe.jpg,https://upload.wikimedia.org/wikipedia/commons/thumb/a/ac/Bulgogi_cr%C3%AApe.jpg/250px-Bulgogi_cr%C3%AApe.jpg
27,불고기,180758472,wikimedia,"Korean traditional cuisine, Bulgogi",Bulgogi cooked.jpg,https://upload.wikimedia.org/wikipedia/commons/thumb/3/3b/Bulgogi_cooked.jpg/250px-Bulgogi_cooked.jpg
28,불고기,180758472,wikimedia,松屋 プルコギ定食（730円）,Bulgogi lunch of Matsuya.jpg,https://upload.wikimedia.org/wikipedia/commons/thumb/1/19/Bulgogi_lunch_of_Matsuya.jpg/330px-Bulgogi_lunch_of_Matsuya.jpg
29,불고기,180758472,wikimedia,Bulgogi,Bulgogi 5.jpg,https://upload.wikimedia.org/wikipedia/commons/thumb/a/a5/Bulgogi_5.jpg/250px-Bulgogi_5.jpg
30,불고기,180758472,wikimedia,"Bulgogi, Korean barbeque",Korean barbeque-Bulgogi-07.jpg,https://upload.wikimedia.org/wikipedia/commons/thumb/d/d0/Korean_barbeque-Bulgogi-07.jpg/250px-Korean_barbeque-Bulgogi-07.jpg
31,불고기,180758472,wikimedia,日本のスーパーで販売されてたトッポギソースとプルコギソース。,Tteokbokki sauce and Bulgogi sauce.jpg,https://upload.wikimedia.org/wikipedia/commons/thumb/8/8e/Tteokbokki_sauce_and_Bulgogi_sauce.jpg/330px-Tteokbokki_sauce_and_Bulgogi_sauce.jpg
32,불고기,180758472,wikimedia,Bulgogi (grilled marinated beef slices),Bulgogi 7.jpg,https://upload.wikimedia.org/wikipedia/commons/thumb/f/f3/Bulgogi_7.jpg/250px-Bulgogi_7.jpg
33,불고기,180758472,wikimedia,Bulgogi sushi,Bulgogi sushi.jpg,https://upload.wikimedia.org/wikipedia/commons/thumb/c/c9/Bulgogi_sushi.jpg/330px-Bulgogi_sushi.jpg
34,불고기,180758472,wikimedia,Bulgogi in Korean cuisine,Korean barbeque-Bulgogi-03.jpg,https://upload.wikimedia.org/wikipedia/commons/thumb/1/12/Korean_barbeque-Bulgogi-03.jpg/250px-Korean_barbeque-Bulgogi-03.jpg
35,불고기,180758472,wikimedia,Bulgogi in Korean cuisine,Korean barbeque-Bulgogi-01.jpg,https://upload.wikimedia.org/wikipedia/commons/thumb/5/5d/Korean_barbeque-Bulgogi-01.jpg/250px-Korean_barbeque-Bulgogi-01.jpg
36,불고기,180758472,wikimedia,Bulgogi in Korean cuisine,Korean barbeque-Bulgogi-02.jpg,https://upload.wikimedia.org/wikipedia/commons/thumb/7/7b/Korean_barbeque-Bulgogi-02.jpg/250px-Korean_barbeque-Bulgogi-02.jpg
37,불고기,180758472,wikimedia,Beef Bulgogi,Beef Bulgogi(BBQ).jpg,https://upload.wikimedia.org/wikipedia/commons/thumb/2/21/Beef_Bulgogi%28BBQ%29.jpg/330px-Beef_Bulgogi%28BBQ%29.jpg
38,불고기,180758472,wikimedia,Bulgogi,Bulgogi 6.jpg,https://upload.wikimedia.org/wikipedia/commons/thumb/5/56/Bulgogi_6.jpg/250px-Bulgogi_6.jpg
39,불고기,180758472,wikimedia,"Bulgogi, Korean barbeque",Korean barbeque-Bulgogi-13.jpg,https://upload.wikimedia.org/wikipedia/commons/thumb/2/28/Korean_barbeque-Bulgogi-13.jpg/330px-Korean_barbeque-Bulgogi-13.jpg
40,불고기,180758472,wikimedia,Bulgogi,Bulgogi (32834714011).jpg,https://upload.wikimedia.org/wikipedia/commons/thumb/f/f5/Bulgogi_%2832834714011%29.jpg/330px-Bulgogi_%2832834714011%29.jpg
41,불고기,180758472,wikimedia,(설명 없음),Bulgogi beef1.jpg,https://upload.wikimedia.org/wikipedia/commons/thumb/4/40/Bulgogi_beef1.jpg/250px-Bulgogi_beef1.jpg
42,불고기,180758472,wikimedia,松屋 プルコギ定食（780円）,Bulgogi set meal of Matsuya.jpg,https://upload.wikimedia.org/wikipedia/commons/thumb/1/17/Bulgogi_set_meal_of_Matsuya.jpg/330px-Bulgogi_set_meal_of_Matsuya.jpg
43,불고기,180758472,wikimedia,"Bulgogi, Korean barbeque",Korean barbeque-Bulgogi-11.jpg,https://upload.wikimedia.org/wikipedia/commons/thumb/f/f9/Korean_barbeque-Bulgogi-11.jpg/250px-Korean_barbeque-Bulgogi-11.jpg
44,불고기,180758472,wikimedia,"Bulgogi, Korean barbeque",Korean barbeque-Bulgogi-12.jpg,https://upload.wikimedia.org/wikipedia/commons/thumb/0/05/Korean_barbeque-Bulgogi-12.jpg/250px-Korean_barbeque-Bulgogi-12.jpg
45,불고기,180758472,wikimedia,Bulgogi in Korean cuisine,Korean barbeque-Bulgogi-05.jpg,https://upload.wikimedia.org/wikipedia/commons/thumb/d/d4/Korean_barbeque-Bulgogi-05.jpg/250px-Korean_barbeque-Bulgogi-05.jpg
46,불고기,180758472,wikimedia,Bulgogi,Korean.food-Bulgogi-03.jpg,https://upload.wikimedia.org/wikipedia/commons/thumb/f/f9/Korean.food-Bulgogi-03.jpg/330px-Korean.food-Bulgogi-03.jpg
47,불고기,180758472,wikimedia,Bulgogi,Korean cuisine-Bulgogi-01.jpg,https://upload.wikimedia.org/wikipedia/commons/thumb/e/e7/Korean_cuisine-Bulgogi-01.jpg/330px-Korean_cuisine-Bulgogi-01.jpg
48,불고기,180758472,wikimedia,Bulgogi,Korean barbeque-Bulgogi variation-01.jpg,https://upload.wikimedia.org/wikipedia/commons/thumb/3/33/Korean_barbeque-Bulgogi_variation-01.jpg/250px-Korean_barbeque-Bulgogi_variation-01.jpg
49,불고기,180758472,wikimedia,Saeu-kkochi (shrimp skewers) and bulgogi-kkochi (beef skewers),Saeu-kkochi and bulgogi-kkochi.jpg,https://upload.wikimedia.org/wikipedia/commons/thumb/b/bb/Saeu-kkochi_and_bulgogi-kkochi.jpg/250px-Saeu-kkochi_and_bulgogi-kkochi.jpg
50,불고기,180758472,wikimedia,"Bulgogi at Jung Soo Nae, January 16, 2009",Korean BBQ-Bulgogi-01.jpg,https://upload.wikimedia.org/wikipedia/commons/thumb/7/7f/Korean_BBQ-Bulgogi-01.jpg/250px-Korean_BBQ-Bulgogi-01.jpg
51,불고기,180758472,wikimedia,불고기,불고기.jpg,https://upload.wikimedia.org/wikipedia/commons/thumb/d/d7/%EB%B6%88%EA%B3%A0%EA%B8%B0.jpg/250px-%EB%B6%88%EA%B3%A0%EA%B8%B0.jpg
52,불고기,180758472,wikimedia,Bulgogi in Korean cuisine,Korean barbeque-Bulgogi-04.jpg,https://upload.wikimedia.org/wikipedia/commons/thumb/c/c8/Korean_barbeque-Bulgogi-04.jpg/250px-Korean_barbeque-Bulgogi-04.jpg
53,불고기,180758472,wikimedia,韩国版本的铁板牛肉,Korean barbeque-Bulgogi-18.jpg,https://upload.wikimedia.org/wikipedia/commons/thumb/8/84/Korean_barbeque-Bulgogi-18.jpg/250px-Korean_barbeque-Bulgogi-18.jpg
54,불고기,180758472,wikimedia,Bulgogi making,Bulgogi making.jpg,https://upload.wikimedia.org/wikipedia/commons/thumb/4/4c/Bulgogi_making.jpg/330px-Bulgogi_making.jpg
55,불고기,180758472,wikimedia,"Marinated thin sliced beef with sweet soy sauce. Bulgogi is one of the most popular Korean dishes.
For the recipe : <a href=""http://www.kfoodaddict.com"" rel=""noreferrer nofollow"">www.kfoodaddict.com</",Korean marinated beef -Bulgogi- (8634652350).jpg,https://upload.wikimedia.org/wikipedia/commons/thumb/4/4e/Korean_marinated_beef_-Bulgogi-_%288634652350%29.jpg/330px-Korean_marinated_beef_-Bulgogi-_%288634652350%29.jpg
56,불고기,180758472,wikimedia,"beef bulgogi @ Myeong-dong - 5,000 won",Korean cuisine-Bulgogi deobap-01.jpg,https://upload.wikimedia.org/wikipedia/commons/thumb/5/5f/Korean_cuisine-Bulgogi_deobap-01.jpg/250px-Korean_cuisine-Bulgogi_deobap-01.jpg
57,불고기,180758472,wikimedia,"Bulgogi, Korean barbeque",Korean barbeque-Bulgogi-08.jpg,https://upload.wikimedia.org/wikipedia/commons/thumb/5/5c/Korean_barbeque-Bulgogi-08.jpg/250px-Korean_barbeque-Bulgogi-08.jpg
58,불고기,180758472,wikimedia,"Bulgogi, Korean barbeque",Korean barbeque-Bulgogi-10.jpg,https://upload.wikimedia.org/wikipedia/commons/thumb/d/d4/Korean_barbeque-Bulgogi-10.jpg/250px-Korean_barbeque-Bulgogi-10.jpg
59,불고기,180758472,wikimedia,Bulgogi,Korean barbeque-Bulgogi-16.jpg,https://upload.wikimedia.org/wikipedia/commons/thumb/8/84/Korean_barbeque-Bulgogi-16.jpg/250px-Korean_barbeque-Bulgogi-16.jpg
60,불고기,180758472,wikimedia,Bulgogi pasty,Bulgogi pasty.jpg,https://upload.wikimedia.org/wikipedia/commons/thumb/4/4e/Bulgogi_pasty.jpg/250px-Bulgogi_pasty.jpg
61,불고기,180758472,wikimedia,"불고기, Bulgogi",Korean.food-Bulgogi-01.jpg,https://upload.wikimedia.org/wikipedia/commons/thumb/c/c8/Korean.food-Bulgogi-01.jpg/250px-Korean.food-Bulgogi-01.jpg
62,불고기,180758472,wikimedia,(설명 없음),Bulgogi beef texture2.jpg,https://upload.wikimedia.org/wikipedia/commons/thumb/4/47/Bulgogi_beef_texture2.jpg/250px-Bulgogi_beef_texture2.jpg
63,불고기,180758472,wikimedia,Fast-food style bulgogi in Indonesia,Fast-food style bulgogi in Indonesia.jpg,https://upload.wikimedia.org/wikipedia/commons/thumb/f/fc/Fast-food_style_bulgogi_in_Indonesia.jpg/250px-Fast-food_style_bulgogi_in_Indonesia.jpg
64,불고기,180758472,wikimedia,"Bulgogi, Korean barbecued dish",Korean barbeque-Bulgogi-17.jpg,https://upload.wikimedia.org/wikipedia/commons/thumb/a/a7/Korean_barbeque-Bulgogi-17.jpg/250px-Korean_barbeque-Bulgogi-17.jpg
65,불고기,180758472,wikimedia,"プルコギ定食にした。ワンプレートだと給食気分。
from my iPhone",Bulgogi lunch (5091744161).jpg,https://upload.wikimedia.org/wikipedia/commons/thumb/7/78/Bulgogi_lunch_%285091744161%29.jpg/250px-Bulgogi_lunch_%285091744161%29.jpg
66,불고기,180758472,wikimedia,"불고기와 반찬, Bulgogi accompanied with leaf vegetables and Banchan.",Korean.food-Bulgogi-02.jpg,https://upload.wikimedia.org/wikipedia/commons/thumb/7/73/Korean.food-Bulgogi-02.jpg/250px-Korean.food-Bulgogi-02.jpg
67,불고기,180758472,wikimedia,"Bulbogi, a Korean barbeque made of marinated beef and vegetable",Korean barbeque-Bulgogi-15.jpg,https://upload.wikimedia.org/wikipedia/commons/thumb/3/32/Korean_barbeque-Bulgogi-15.jpg/250px-Korean_barbeque-Bulgogi-15.jpg
68,불고기,180758472,wikimedia,French fries with bulgogi and caramelized kimchi,French fries with bulgogi and caramelized kimchi.jpg,https://upload.wikimedia.org/wikipedia/commons/thumb/e/e2/French_fries_with_bulgogi_and_caramelized_kimchi.jpg/330px-French_fries_with_bulgogi_and_caramelized_kimchi.jpg
69,불고기,180758472,wikimedia,"Korean Grilled Beef,
Kachi Korean Restaurant, Hayward",Korean barbeque-Bulgogi-14.jpg,https://upload.wikimedia.org/wikipedia/commons/thumb/5/5e/Korean_barbeque-Bulgogi-14.jpg/330px-Korean_barbeque-Bulgogi-14.jpg
70,불고기,180758472,wikimedia,Bulgogi-memil-myeon (bulgogi buckwheat noodles),Bulgogi-memil-myeon.jpg,https://upload.wikimedia.org/wikipedia/commons/thumb/5/5e/Bulgogi-memil-myeon.jpg/250px-Bulgogi-memil-myeon.jpg
71,불고기,180758472,wikimedia,"Bulgogi at a restaurant in Jeju Island, South Korea.",Korean barbecue-Jeju Island-Bulgogi-01.jpg,https://upload.wikimedia.org/wikipedia/commons/thumb/3/39/Korean_barbecue-Jeju_Island-Bulgogi-01.jpg/330px-Korean_barbecue-Jeju_Island-Bulgogi-01.jpg
72,불고기,180758472,wikimedia,Korean-style beef bulgogi bought from a grocery store and eaten at home as a convenience meal.,Bulgogi as a convenience meal.jpg,https://upload.wikimedia.org/wikipedia/commons/thumb/a/a3/Bulgogi_as_a_convenience_meal.jpg/250px-Bulgogi_as_a_convenience_meal.jpg
73,불고기,180758472,wikimedia,"Bulgogi, soju (alcoholic drink) and Nakji bokkeum",Korean cuisine-Bulgogi-Nakji bokkeum.jpg,https://upload.wikimedia.org/wikipedia/commons/thumb/2/24/Korean_cuisine-Bulgogi-Nakji_bokkeum.jpg/330px-Korean_cuisine-Bulgogi-Nakji_bokkeum.jpg
74,불고기,180758472,wikimedia,bulgogi and caramelized kimchi on a pita with cucumber kimchi,Bulgogi and caramelized kimchi on a pita with cucumber kimchi.jpg,https://upload.wikimedia.org/wikipedia/commons/thumb/e/ed/Bulgogi_and_caramelized_kimchi_on_a_pita_with_cucumber_kimchi.jpg/330px-Bulgogi_and_caramelized_kimchi_on_a_pita_with_cucumber_kimchi.jpg
75,불고기,180758472,wikimedia,"Foggy Bottom, Washington, DC",Bulgogi with onions and egg over rice in a plastic takeout container.jpg,https://upload.wikimedia.org/wikipedia/commons/thumb/3/3f/Bulgogi_with_onions_and_egg_over_rice_in_a_plastic_takeout_container.jpg/250px-Bulgogi_with_onions_and_egg_over_rice_in_a_plastic_takeout_container.jpg
76,불고기,180758472,wikimedia,Bulgogi,Bulgogi textures.jpg,https://upload.wikimedia.org/wikipedia/commons/thumb/3/32/Bulgogi_textures.jpg/250px-Bulgogi_textures.jpg
77,불고기,180758472,wikimedia,Jeyukbokkeum Bulgogi,Bulgogi Jeyukbokkeum.jpg,https://upload.wikimedia.org/wikipedia/commons/thumb/5/5e/Bulgogi_Jeyukbokkeum.jpg/250px-Bulgogi_Jeyukbokkeum.jpg
78,불고기,180758472,wikimedia,"ttukbaegi bulgogi, bulgogi in earthen pot",Ttukbaegi bulgogi.jpg,https://upload.wikimedia.org/wikipedia/commons/thumb/c/c0/Ttukbaegi_bulgogi.jpg/250px-Ttukbaegi_bulgogi.jpg
79,불고기,180758472,wikimedia,Bulgogi sandwich,Bulgogi sandwich.jpg,https://upload.wikimedia.org/wikipedia/commons/thumb/3/35/Bulgogi_sandwich.jpg/330px-Bulgogi_sandwich.jpg
80,불고기,180758472,wikimedia,Dallae-bulgogi,Dallae-bulgogi.jpg,https://upload.wikimedia.org/wikipedia/commons/thumb/9/91/Dallae-bulgogi.jpg/120px-Dallae-bulgogi.jpg
81,불고기,180758472,wikimedia,Bulgogi tacos,Bulgogi tacos.jpg,https://upload.wikimedia.org/wikipedia/commons/thumb/0/0d/Bulgogi_tacos.jpg/330px-Bulgogi_tacos.jpg
82,불고기,180758472,wikimedia,"Bulgogi, comida coreana",Bulgogi.JPG,https://upload.wikimedia.org/wikipedia/commons/thumb/9/90/Bulgogi.JPG/250px-Bulgogi.JPG
83,불고기,180758472,wikimedia,Bulgogi pizza,Bulgogi pizza 1.jpg,https://upload.wikimedia.org/wikipedia/commons/thumb/8/83/Bulgogi_pizza_1.jpg/250px-Bulgogi_pizza_1.jpg
84,불고기,180758472,wikimedia,Eonyang-style bassak-bulgogi,Bassak-bulgogi.jpg,https://upload.wikimedia.org/wikipedia/commons/thumb/f/f8/Bassak-bulgogi.jpg/330px-Bassak-bulgogi.jpg
85,불고기,180758472,wikimedia,Bulgogi burger,Bulgogi burger 2.jpg,https://upload.wikimedia.org/wikipedia/commons/thumb/4/4c/Bulgogi_burger_2.jpg/330px-Bulgogi_burger_2.jpg
86,불고기,180758472,wikimedia,Bulgogi pizza,Bulgogi pizza 2.jpg,https://upload.wikimedia.org/wikipedia/commons/thumb/f/f6/Bulgogi_pizza_2.jpg/250px-Bulgogi_pizza_2.jpg
87,불고기,180758472,wikimedia,Bulgogi pizza,Bulgogi pizza 3.jpg,https://upload.wikimedia.org/wikipedia/commons/thumb/f/f8/Bulgogi_pizza_3.jpg/250px-Bulgogi_pizza_3.jpg
88,불고기,180758472,wikimedia,Bulgogi burger,Bulgogi burger 1.jpg,https://upload.wikimedia.org/wikipedia/commons/thumb/1/1f/Bulgogi_burger_1.jpg/330px-Bulgogi_burger_1.jpg
89,불고기,180758472,wikimedia,Bulgogi tacos,Bulgogi tacos 1.jpg,https://upload.wikimedia.org/wikipedia/commons/thumb/3/38/Bulgogi_tacos_1.jpg/250px-Bulgogi_tacos_1.jpg
90,불고기,180758472,wikimedia,"Korean food: jeon , gunmandu (dumpling), bulgogi (marinated meat) from left to right in the picture.",Korean food-Jeon-Gunmandu-Bulgogi.jpg,https://upload.wikimedia.org/wikipedia/commons/thumb/8/87/Korean_food-Jeon-Gunmandu-Bulgogi.jpg/250px-Korean_food-Jeon-Gunmandu-Bulgogi.jpg
91,불고기,180758472,wikimedia,"wow, unexpectedly, tempeh is really delicious when cooked with bulgogi sauce, carrots, and black pepper paprika. does this look delicious to you too?",TEMPE PAPRIKA.jpg,https://upload.wikimedia.org/wikipedia/commons/thumb/1/1d/TEMPE_PAPRIKA.jpg/120px-TEMPE_PAPRIKA.jpg
92,불고기,180758472,wikimedia,대구광역시 10미 복어불고기,6미-복어불고기.jpg,https://upload.wikimedia.org/wikipedia/commons/thumb/9/97/6%EB%AF%B8-%EB%B3%B5%EC%96%B4%EB%B6%88%EA%B3%A0%EA%B8%B0.jpg/250px-6%EB%AF%B8-%EB%B3%B5%EC%96%B4%EB%B6%88%EA%B3%A0%EA%B8%B0.jpg
93,불고기,180758472,wikimedia,(설명 없음),Beef bulgogi 불고기 Fresh International Buffet Solaire Resort North2.jpg,https://upload.wikimedia.org/wikipedia/commons/thumb/0/07/Beef_bulgogi_%EB%B6%88%EA%B3%A0%EA%B8%B0_Fresh_International_Buffet_Solaire_Resort_North2.jpg/250px-Beef_bulgogi_%EB%B6%88%EA%B3%A0%EA%B8%B0_Fresh_International_Buffet_Solaire_Resort_North2.jpg
94,불고기,180758472,wikimedia,"Still good. Tender, but not over-tenderised, but maybe lacking in the smokey grilled flavour. ---
Another renovation to embiggen the kitchen, empower the extractor fans and spruce up the dining area. ",Beef Bulgogi Set - Let's Bap AUD9 (4359189190).jpg,https://upload.wikimedia.org/wikipedia/commons/thumb/b/be/Beef_Bulgogi_Set_-_Let%27s_Bap_AUD9_%284359189190%29.jpg/330px-Beef_Bulgogi_Set_-_Let%27s_Bap_AUD9_%284359189190%29.jpg
95,불고기,180758472,wikimedia,"Bulgogi pancake (불고기 팬케이크) in a pizza box. H Mart, Federal Way, Washington",20250323 153455 Bulgogi pancake.jpg,https://upload.wikimedia.org/wikipedia/commons/thumb/7/79/20250323_153455_Bulgogi_pancake.jpg/250px-20250323_153455_Bulgogi_pancake.jpg
96,불고기,180758472,wikimedia,Bulgogi-nakji-jeongol (beef and octopus hot pot),Bulgogi-nakji-jeongol.jpg,https://upload.wikimedia.org/wikipedia/commons/thumb/2/2d/Bulgogi-nakji-jeongol.jpg/330px-Bulgogi-nakji-jeongol.jpg
97,불고기,180758472,wikimedia,Bulgogi-jeongol (bulgogi hot pot),Bulgogi-jeongol.jpg,https://upload.wikimedia.org/wikipedia/commons/thumb/1/10/Bulgogi-jeongol.jpg/250px-Bulgogi-jeongol.jpg
98,불고기,180758472,wikimedia,한일관 캐주얼 브랜드 WalkThru의 불고기1939 반상,Hanilkwan bulgogi1939 walkthru.png,https://upload.wikimedia.org/wikipedia/commons/3/3b/Hanilkwan_bulgogi1939_walkthru.png
99,불고기,180758472,wikimedia,Kongnamul-bulgogi (soybean sprout bulgogi),Kongnamul-bulgogi 1.jpg,https://upload.wikimedia.org/wikipedia/commons/thumb/8/84/Kongnamul-bulgogi_1.jpg/250px-Kongnamul-bulgogi_1.jpg
1,송편,704539124,encykorea,"멥쌀가루를 익반죽하여 소를 넣고 모양을 만들어 찐 떡. 송편이 언제부터 전해졌는지는 확실하지 않으나, ≪제민요술 齊民要術≫에 보이는 종(粽)과 열(䊦)은 송편인 것으로 추정된다.",송편,https://devin.aks.ac.kr/image/6d923322-c7cb-452c-8917-ef84f04710b5?preset=page
2,송편,704539124,folkency,"멥쌀가루를 익반죽하고 풋콩, 깨, 밤 같은 소를 넣어 반달 모양으로 빚어서 시루에 솔잎을 켜켜로 놓고 찐 떡. 송병(松餠) 또는 송엽병(松葉餠)이라고도 부르며 모든 지방에서 만드는 떡으로, 추석 때 햇곡식으로 빚는 명절떡이기도 하다. 특히 추석 때 먹는 송편은 올벼를 수확한 쌀로 빚어 오려송편이라 하며, 햇곡식으로 만든 음식으로 조상께 감사하는 뜻으로 조상",,https://folkency.nfm.go.kr/api/file/images/16213?type=t
3,송편,704539124,wikimedia,"songpyeon, crescent moon rice cakes. Songpyeon is a special Chuseok eatery filled with a paste of chestnut, jujube, sesame seeds and red beans.",KOCIS songpyeon (4994899563).jpg,https://upload.wikimedia.org/wikipedia/commons/thumb/f/fa/KOCIS_songpyeon_%284994899563%29.jpg/250px-KOCIS_songpyeon_%284994899563%29.jpg
4,송편,704539124,wikimedia,Songpyeon,Songpyeon.jpg,https://upload.wikimedia.org/wikipedia/commons/thumb/d/d8/Songpyeon.jpg/250px-Songpyeon.jpg
5,송편,704539124,wikimedia,Songpyeon 송편,Songpyeon 송편 01.jpg,https://upload.wikimedia.org/wikipedia/commons/thumb/4/49/Songpyeon_%EC%86%A1%ED%8E%B8_01.jpg/330px-Songpyeon_%EC%86%A1%ED%8E%B8_01.jpg
6,송편,704539124,wikimedia,Songpyeon 송편,Songpyeon 송편 00.jpg,https://upload.wikimedia.org/wikipedia/commons/thumb/6/6f/Songpyeon_%EC%86%A1%ED%8E%B8_00.jpg/330px-Songpyeon_%EC%86%A1%ED%8E%B8_00.jpg
7,송편,704539124,wikimedia,Songpyeon,Songpyeon 2.jpg,https://upload.wikimedia.org/wikipedia/commons/thumb/c/cf/Songpyeon_2.jpg/250px-Songpyeon_2.jpg
8,송편,704539124,wikimedia,Songpyeon,Songpyeon 4.jpg,https://upload.wikimedia.org/wikipedia/commons/thumb/8/87/Songpyeon_4.jpg/330px-Songpyeon_4.jpg
9,송편,704539124,wikimedia,"tteok, Korean rice cake",KOCIS Han-style exhibition 2011 (5753820716).jpg,https://upload.wikimedia.org/wikipedia/commons/thumb/0/09/KOCIS_Han-style_exhibition_2011_%285753820716%29.jpg/330px-KOCIS_Han-style_exhibition_2011_%285753820716%29.jpg
10,송편,704539124,wikimedia,"Songpyeon, a variety of tteok, Korean rice cake. It is usually eaten for Chuseok, mid-autumn festival",Korean rice cake-Songpyeon-02.jpg,https://upload.wikimedia.org/wikipedia/commons/thumb/2/26/Korean_rice_cake-Songpyeon-02.jpg/250px-Korean_rice_cake-Songpyeon-02.jpg
11,송편,704539124,wikimedia,"Songpyeon, Korean rice cake for Chuseok, mid-term festival",Korean rice cake-Songpyeon-01.jpg,https://upload.wikimedia.org/wikipedia/commons/thumb/6/60/Korean_rice_cake-Songpyeon-01.jpg/250px-Korean_rice_cake-Songpyeon-01.jpg
12,송편,704539124,wikimedia,Songpyeon,Songpyeon 5.jpg,https://upload.wikimedia.org/wikipedia/commons/thumb/7/7d/Songpyeon_5.jpg/330px-Songpyeon_5.jpg
13,송편,704539124,wikimedia,"songpyeon, crescent moon rice cakes. Songpyeon is a special Chuseok eatery filled with a paste of chestnut, jujube, sesame seeds and red beans.",KOCIS songpyeon (4995507732).jpg,https://upload.wikimedia.org/wikipedia/commons/thumb/6/66/KOCIS_songpyeon_%284995507732%29.jpg/250px-KOCIS_songpyeon_%284995507732%29.jpg
14,송편,704539124,wikimedia,Songpyeon,Songpyeon 3.jpg,https://upload.wikimedia.org/wikipedia/commons/thumb/8/88/Songpyeon_3.jpg/330px-Songpyeon_3.jpg
15,송편,704539124,wikimedia,"Chuseok Songpyeon
Jilsiru
September 3, 2014
Jongno-gu, Seoul
Ministry of Culture, Sports and Tourism Korean Culture and Information Service Korea.net (www.korea.net) Official Photographer : Jeon Han
T",Korea Chuseok Songpyeon 04.jpg,https://upload.wikimedia.org/wikipedia/commons/thumb/f/f1/Korea_Chuseok_Songpyeon_04.jpg/330px-Korea_Chuseok_Songpyeon_04.jpg
16,송편,704539124,wikimedia,"Chuseok Songpyeon
Jilsiru
September 3, 2014
Jongno-gu, Seoul
Ministry of Culture, Sports and Tourism Korean Culture and Information Service Korea.net (www.korea.net) Official Photographer : Jeon Han
T",Korea Chuseok Songpyeon 03.jpg,https://upload.wikimedia.org/wikipedia/commons/thumb/5/5d/Korea_Chuseok_Songpyeon_03.jpg/330px-Korea_Chuseok_Songpyeon_03.jpg
17,송편,704539124,wikimedia,"Chuseok Songpyeon
Jilsiru
September 3, 2014
Jongno-gu, Seoul
Ministry of Culture, Sports and Tourism Korean Culture and Information Service Korea.net (www.korea.net) Official Photographer : Jeon Han
T",Korea Chuseok Songpyeon 02.jpg,https://upload.wikimedia.org/wikipedia/commons/thumb/a/af/Korea_Chuseok_Songpyeon_02.jpg/330px-Korea_Chuseok_Songpyeon_02.jpg
18,송편,704539124,wikimedia,"songpyeon, crescent moon rice cakes. Songpyeon is a special Chuseok eatery filled with a paste of chestnut, jujube, sesame seeds and red beans.",KOCIS songpyeon (4994899617).jpg,https://upload.wikimedia.org/wikipedia/commons/thumb/a/a2/KOCIS_songpyeon_%284994899617%29.jpg/250px-KOCIS_songpyeon_%284994899617%29.jpg
19,송편,704539124,wikimedia,"Chuseok Songpyeon
Jilsiru
September 3, 2014
Jongno-gu, Seoul
Ministry of Culture, Sports and Tourism Korean Culture and Information Service Korea.net (www.korea.net) Official Photographer : Jeon Han
T",Korea Chuseok Songpyeon 01.jpg,https://upload.wikimedia.org/wikipedia/commons/thumb/0/09/Korea_Chuseok_Songpyeon_01.jpg/250px-Korea_Chuseok_Songpyeon_01.jpg
20,송편,704539124,wikimedia,"Songpyeon, a variety of tteok, Korean rice cake",Korean food-Songpyeon-01.jpg,https://upload.wikimedia.org/wikipedia/commons/thumb/1/1f/Korean_food-Songpyeon-01.jpg/250px-Korean_food-Songpyeon-01.jpg
21,송편,704539124,wikimedia,"Chuseok Songpyeon

September 12, 2018

Institute of Traditional Korean Food, Jongno-gu, Seoul

Ministry of Culture, Sports and Tourism
Korean Culture and Information Service
Korea.net (www.korea.net)
",Chuseok Songpyeon.jpg,https://upload.wikimedia.org/wikipedia/commons/thumb/9/96/Chuseok_Songpyeon.jpg/330px-Chuseok_Songpyeon.jpg
22,송편,704539124,wikimedia,Making nokdu-songpyeon (mung bean songpyeon),Making nokdu-songpyeon.jpg,https://upload.wikimedia.org/wikipedia/commons/thumb/e/ef/Making_nokdu-songpyeon.jpg/250px-Making_nokdu-songpyeon.jpg
23,송편,704539124,wikimedia,"(from left to right) Jo Ann Golden, Debbie Morgan and Roberta Ferrell, read an itinerary on what to expect before making Song Pyun, a type of rice cake Koreans enjoy during the Chuseok holiday, After ",US Army 53523 Army spouses make Song Pyun rice cake for Koreans.jpg,https://upload.wikimedia.org/wikipedia/commons/thumb/a/a5/US_Army_53523_Army_spouses_make_Song_Pyun_rice_cake_for_Koreans.jpg/330px-US_Army_53523_Army_spouses_make_Song_Pyun_rice_cake_for_Koreans.jpg
24,송편,704539124,wikimedia,"Kkultteok (honey rice cake), Market outside of Osan, Korea",Korean.dessert-Tteok-Songpyeon-Kkultteok.01.jpg,https://upload.wikimedia.org/wikipedia/commons/thumb/4/43/Korean.dessert-Tteok-Songpyeon-Kkultteok.01.jpg/330px-Korean.dessert-Tteok-Songpyeon-Kkultteok.01.jpg
25,송편,704539124,wikimedia,"<a href=""http://www.facebook.com/usaghumphreys"" rel=""nofollow"">Click here to learn more about Camp Humphreys</a>
- U.S. Army photos by Kim, Sung Eun","Songpyeon Making for Chuseok Holiday - U.S. Army Garrison Humphreys, South Korea - 10 September 2016 (29513720722).jpg",https://upload.wikimedia.org/wikipedia/commons/thumb/5/50/Songpyeon_Making_for_Chuseok_Holiday_-_U.S._Army_Garrison_Humphreys%2C_South_Korea_-_10_September_2016_%2829513720722%29.jpg/330px-Songpyeon_Making_for_Chuseok_Holiday_-_U.S._Army_Garrison_Humphreys%2C_South_Korea_-_10_September_2016_%2829513720722%29.jpg
26,송편,704539124,wikimedia,A summer visit to the botanic gardens in Singapore,Singapore Botanic Gardens.jpg,https://upload.wikimedia.org/wikipedia/commons/thumb/e/e3/Singapore_Botanic_Gardens.jpg/250px-Singapore_Botanic_Gardens.jpg
1,순대,4233956902,encykorea,순대의 기원은 동물의 피와 내장을 이용한 음식에서 찾을 수 있다.,순대,https://devin.aks.ac.kr/image/41b7d0f1-0a9d-4bbb-b2e0-69b78fc88757?preset=page
2,순대,4233956902,folkency,"돼지 창자에 선지, 고기, 찹쌀, 당면, 두부, 숙주, 양파 등을 넣고 양끝을 묶은 다음 끓는 물에 삶거나 찐 음식.",,https://folkency.nfm.go.kr/api/file/images/75190?type=t
3,순대,4233956902,wikimedia,"순대, sundae, スンデ",Korean.food-Sundae-01.jpg,https://upload.wikimedia.org/wikipedia/commons/thumb/4/42/Korean.food-Sundae-01.jpg/250px-Korean.food-Sundae-01.jpg
4,순대,4233956902,wikimedia,"CNY36 for this Yanbian-style blood sausage. The word ""순대"" is actually rendered as ""sundae"", but sometimes anglicized as ""soondae"" to avoid confusion.","Soondae at Chilpal Naengmyeon, Xiyue Paradise Walk (20210924135156).jpg",https://upload.wikimedia.org/wikipedia/commons/thumb/c/c0/Soondae_at_Chilpal_Naengmyeon%2C_Xiyue_Paradise_Walk_%2820210924135156%29.jpg/330px-Soondae_at_Chilpal_Naengmyeon%2C_Xiyue_Paradise_Walk_%2820210924135156%29.jpg
5,순대,4233956902,wikimedia,Sundae,Sundae 3.jpg,https://upload.wikimedia.org/wikipedia/commons/thumb/9/94/Sundae_3.jpg/250px-Sundae_3.jpg
6,순대,4233956902,wikimedia,Sundae (blood sausage),Sundae 4.jpg,https://upload.wikimedia.org/wikipedia/commons/thumb/a/a4/Sundae_4.jpg/330px-Sundae_4.jpg
7,순대,4233956902,wikimedia,Sundae (Korean sausage),Sundae 1.jpg,https://upload.wikimedia.org/wikipedia/commons/thumb/e/e7/Sundae_1.jpg/250px-Sundae_1.jpg
8,순대,4233956902,wikimedia,Sundae (Korean sausage) and gan (pork liver),Sundae gan.jpg,https://upload.wikimedia.org/wikipedia/commons/thumb/8/86/Sundae_gan.jpg/250px-Sundae_gan.jpg
9,순대,4233956902,wikimedia,"<a target=""blank"" href=""http://local.google.co.jp/maps?q=多福&ll=34.968328,138.382436&spn=0.018108,0.029680&near=静岡&cid=34917013,138324416,15926879807730146142&num=1&start=0&hl=ja"">韓国料理店”多福”</a>に行ってきました",Korean food-Sundae-01.jpg,https://upload.wikimedia.org/wikipedia/commons/thumb/c/c1/Korean_food-Sundae-01.jpg/250px-Korean_food-Sundae-01.jpg
10,순대,4233956902,wikimedia,Blood sausage @ CKR,Korean blood sausage-Sundae-01.jpg,https://upload.wikimedia.org/wikipedia/commons/thumb/e/e4/Korean_blood_sausage-Sundae-01.jpg/250px-Korean_blood_sausage-Sundae-01.jpg
11,순대,4233956902,wikimedia,"Sundae (Korean sausage). gan (liver), and heopa (lung)",Sundae gan heopa.jpg,https://upload.wikimedia.org/wikipedia/commons/thumb/3/31/Sundae_gan_heopa.jpg/250px-Sundae_gan_heopa.jpg
12,순대,4233956902,wikimedia,Pi-sundae (blood sausage),Pi-sundae 2.jpg,https://upload.wikimedia.org/wikipedia/commons/thumb/a/ae/Pi-sundae_2.jpg/250px-Pi-sundae_2.jpg
13,순대,4233956902,wikimedia,"Sundae (Korean sausage), pyeonyuk (pressed boiled pork), and meori-gogi-suyuk (boiled head meat)",Sundae pyeonyuk meori-gogi-suyuk.jpg,https://upload.wikimedia.org/wikipedia/commons/thumb/0/01/Sundae_pyeonyuk_meori-gogi-suyuk.jpg/250px-Sundae_pyeonyuk_meori-gogi-suyuk.jpg
14,순대,4233956902,wikimedia,"Sundae, kind of blood sausage",Korean snack-Sundae-01.jpg,https://upload.wikimedia.org/wikipedia/commons/thumb/d/da/Korean_snack-Sundae-01.jpg/250px-Korean_snack-Sundae-01.jpg
15,순대,4233956902,wikimedia,Sundae (sausage),2020-04-09 14.48.18 엄청난떡볶이 순대.jpg,https://upload.wikimedia.org/wikipedia/commons/thumb/1/15/2020-04-09_14.48.18_%EC%97%84%EC%B2%AD%EB%82%9C%EB%96%A1%EB%B3%B6%EC%9D%B4_%EC%88%9C%EB%8C%80.jpg/250px-2020-04-09_14.48.18_%EC%97%84%EC%B2%AD%EB%82%9C%EB%96%A1%EB%B3%B6%EC%9D%B4_%EC%88%9C%EB%8C%80.jpg
16,순대,4233956902,wikimedia,"Sundae, or Korean blood sausage",Sundae.jpg,https://upload.wikimedia.org/wikipedia/commons/thumb/f/fd/Sundae.jpg/330px-Sundae.jpg
17,순대,4233956902,wikimedia,Steaming sundae (blood sausage),Steaming sundae.jpg,https://upload.wikimedia.org/wikipedia/commons/thumb/9/9b/Steaming_sundae.jpg/330px-Steaming_sundae.jpg
18,순대,4233956902,wikimedia,"A & W Sundae, in Binus A & W, Jakarta.",Sundae AW.JPG,https://upload.wikimedia.org/wikipedia/commons/thumb/2/26/Sundae_AW.JPG/250px-Sundae_AW.JPG
19,순대,4233956902,wikimedia,Dwaeji-gogi-suyuk (steamed pork) and sundae (blood sausage),Pork suyuk and sundae.jpg,https://upload.wikimedia.org/wikipedia/commons/thumb/0/08/Pork_suyuk_and_sundae.jpg/330px-Pork_suyuk_and_sundae.jpg
20,순대,4233956902,wikimedia,i Sundae Milk in una foto del 2007,Sundae milk1.jpg,https://upload.wikimedia.org/wikipedia/commons/thumb/0/09/Sundae_milk1.jpg/120px-Sundae_milk1.jpg
21,순대,4233956902,wikimedia,Sundae ingredients. The visual was created on the basis of free images.,Sundae ingredients.png,https://upload.wikimedia.org/wikipedia/commons/thumb/e/eb/Sundae_ingredients.png/250px-Sundae_ingredients.png
22,순대,4233956902,wikimedia,抹茶栗子紅豆聖代,Sundae (5475963777).jpg,https://upload.wikimedia.org/wikipedia/commons/thumb/3/37/Sundae_%285475963777%29.jpg/330px-Sundae_%285475963777%29.jpg
23,순대,4233956902,wikimedia,"Strawberry Sundae - lemon, vanilla and strawberry Icecream, strawberry syrup and fresh strawberries, all in an Icecream shop in Munich, Germany",Strawberry Sundae 02.jpg,https://upload.wikimedia.org/wikipedia/commons/thumb/b/ba/Strawberry_Sundae_02.jpg/330px-Strawberry_Sundae_02.jpg
24,순대,4233956902,wikimedia,Sundae au chocolat et chantilly,Sundae au chocolat et chantilly.jpg,https://upload.wikimedia.org/wikipedia/commons/thumb/1/1e/Sundae_au_chocolat_et_chantilly.jpg/250px-Sundae_au_chocolat_et_chantilly.jpg
25,순대,4233956902,wikimedia,"Ghirardelli ""A Very Berry Sundae""","Ghirardelli ""A Very Berry Sundae"" (8010244694).jpg",https://upload.wikimedia.org/wikipedia/commons/thumb/f/fd/Ghirardelli_%22A_Very_Berry_Sundae%22_%288010244694%29.jpg/120px-Ghirardelli_%22A_Very_Berry_Sundae%22_%288010244694%29.jpg
26,순대,4233956902,wikimedia,Sundae-gui (grilled Korean sausage),Sundae-gui 2.jpg,https://upload.wikimedia.org/wikipedia/commons/thumb/4/43/Sundae-gui_2.jpg/250px-Sundae-gui_2.jpg
27,순대,4233956902,wikimedia,Chocolate Sundae,Chocolate Sundae (5076304491).jpg,https://upload.wikimedia.org/wikipedia/commons/thumb/8/8e/Chocolate_Sundae_%285076304491%29.jpg/120px-Chocolate_Sundae_%285076304491%29.jpg
28,순대,4233956902,wikimedia,"Strawberry Sundae - lemon, vanilla and strawberry Icecream, strawberry syrup and fresh strawberries, all in an Icecream shop in Munich, Germany",Strawberry Sundae 01.jpg,https://upload.wikimedia.org/wikipedia/commons/thumb/8/83/Strawberry_Sundae_01.jpg/330px-Strawberry_Sundae_01.jpg
29,순대,4233956902,wikimedia,Engineers playing at the Summer Sundae festival 2005,Engineers in performance (Summer Sundae 2005).jpg,https://upload.wikimedia.org/wikipedia/commons/8/84/Engineers_in_performance_%28Summer_Sundae_2005%29.jpg
30,순대,4233956902,wikimedia,Sundae-gui (grilled Korean sausage),Sundae-gui 1.jpg,https://upload.wikimedia.org/wikipedia/commons/thumb/d/d5/Sundae-gui_1.jpg/250px-Sundae-gui_1.jpg
31,순대,4233956902,wikimedia,"Rose, Chocolate Sundae, バラ, チョコレート サンデー, Climbing rose つるバラ France フランス Meilland
2009","Rose, Chocolate Sundae, バラ, チョコレート サンデー, (23398707213).jpg",https://upload.wikimedia.org/wikipedia/commons/thumb/5/55/Rose%2C_Chocolate_Sundae%2C_%E3%83%90%E3%83%A9%2C_%E3%83%81%E3%83%A7%E3%82%B3%E3%83%AC%E3%83%BC%E3%83%88_%E3%82%B5%E3%83%B3%E3%83%87%E3%83%BC%2C_%2823398707213%29.jpg/250px-Rose%2C_Chocolate_Sundae%2C_%E3%83%90%E3%83%A9%2C_%E3%83%81%E3%83%A7%E3%82%B3%E3%83%AC%E3%83%BC%E3%83%88_%E3%82%B5%E3%83%B3%E3%83%87%E3%83%BC%2C_%2823398707213%29.jpg
32,순대,4233956902,wikimedia,"Dandy Don, owner of Dandy Don's HomeMade Ice Cream, caters make-your-own-sundae bars in southern California",Dandy Don in his make-your-own sundae bar.jpg,https://upload.wikimedia.org/wikipedia/commons/thumb/b/b5/Dandy_Don_in_his_make-your-own_sundae_bar.jpg/250px-Dandy_Don_in_his_make-your-own_sundae_bar.jpg
33,순대,4233956902,wikimedia,"Cookie dough ice cream, california strawberries, chantilly cream, and chocolate sauce. From Ad Hoc in Yountville, CA.",Ice Cream Sundae (5083018504).jpg,https://upload.wikimedia.org/wikipedia/commons/thumb/a/a7/Ice_Cream_Sundae_%285083018504%29.jpg/250px-Ice_Cream_Sundae_%285083018504%29.jpg
34,순대,4233956902,wikimedia,Caramel Sundae,Ice Cream Sundae 1 2013-03-28.jpg,https://upload.wikimedia.org/wikipedia/commons/thumb/0/06/Ice_Cream_Sundae_1_2013-03-28.jpg/120px-Ice_Cream_Sundae_1_2013-03-28.jpg
35,순대,4233956902,wikimedia,"From Ad Hoc in Yountville, CA.",Ice Cream Sundae (5684463407).jpg,https://upload.wikimedia.org/wikipedia/commons/thumb/8/87/Ice_Cream_Sundae_%285684463407%29.jpg/330px-Ice_Cream_Sundae_%285684463407%29.jpg
36,순대,4233956902,wikimedia,Caramel Sundae,Ice Cream Sundae 2 2013-03-28.jpg,https://upload.wikimedia.org/wikipedia/commons/thumb/0/03/Ice_Cream_Sundae_2_2013-03-28.jpg/330px-Ice_Cream_Sundae_2_2013-03-28.jpg
37,순대,4233956902,wikimedia,Chocolate Ice Cream Sundae,Chocolate Ice Cream Sundae (5076304681).jpg,https://upload.wikimedia.org/wikipedia/commons/thumb/5/57/Chocolate_Ice_Cream_Sundae_%285076304681%29.jpg/120px-Chocolate_Ice_Cream_Sundae_%285076304681%29.jpg
38,순대,4233956902,wikimedia,Delays performing at the Summer Sundae music festival in Leicester,Delays at Summer Sundae 2006.JPG,https://upload.wikimedia.org/wikipedia/commons/thumb/8/85/Delays_at_Summer_Sundae_2006.JPG/960px-Delays_at_Summer_Sundae_2006.JPG
39,순대,4233956902,wikimedia,Vashti Bunyan performing at the Summer Sundae music festival in Leicester,Vashti Bunyan at Summer Sundae 2006.JPG,https://upload.wikimedia.org/wikipedia/commons/thumb/8/8b/Vashti_Bunyan_at_Summer_Sundae_2006.JPG/250px-Vashti_Bunyan_at_Summer_Sundae_2006.JPG
40,순대,4233956902,wikimedia,(설명 없음),Summer Sundae Main Stage.jpg,https://upload.wikimedia.org/wikipedia/commons/thumb/c/ce/Summer_Sundae_Main_Stage.jpg/500px-Summer_Sundae_Main_Stage.jpg
41,순대,4233956902,wikimedia,IMG_7206,"Parlor guitarist, Summer Sundae 2007.jpg",https://upload.wikimedia.org/wikipedia/commons/thumb/a/aa/Parlor_guitarist%2C_Summer_Sundae_2007.jpg/120px-Parlor_guitarist%2C_Summer_Sundae_2007.jpg
42,순대,4233956902,wikimedia,Joan Wasser appearing at the Summer Sundae music festival in Leicester,Joan Wasser at Summer Sundae 2006 (2).JPG,https://upload.wikimedia.org/wikipedia/commons/thumb/e/e5/Joan_Wasser_at_Summer_Sundae_2006_%282%29.JPG/250px-Joan_Wasser_at_Summer_Sundae_2006_%282%29.JPG
43,순대,4233956902,wikimedia,"Rose, Chocolate Sundae, バラ, チョコレート サンデー, Climbing rose つるバラ France フランス Meilland
2009","Rose, Chocolate Sundae, バラ, チョコレート サンデー, (23999380506).jpg",https://upload.wikimedia.org/wikipedia/commons/thumb/b/b8/Rose%2C_Chocolate_Sundae%2C_%E3%83%90%E3%83%A9%2C_%E3%83%81%E3%83%A7%E3%82%B3%E3%83%AC%E3%83%BC%E3%83%88_%E3%82%B5%E3%83%B3%E3%83%87%E3%83%BC%2C_%2823999380506%29.jpg/250px-Rose%2C_Chocolate_Sundae%2C_%E3%83%90%E3%83%A9%2C_%E3%83%81%E3%83%A7%E3%82%B3%E3%83%AC%E3%83%BC%E3%83%88_%E3%82%B5%E3%83%B3%E3%83%87%E3%83%BC%2C_%2823999380506%29.jpg
44,순대,4233956902,wikimedia,"July 25th is National Hot Fudge Sundae Day!
If curious, I picked chocolate fudge brownie (left) and vanilla (right).",Ben and Jerry's Hot Fudge Sundae (19384608984).jpg,https://upload.wikimedia.org/wikipedia/commons/thumb/2/28/Ben_and_Jerry%27s_Hot_Fudge_Sundae_%2819384608984%29.jpg/250px-Ben_and_Jerry%27s_Hot_Fudge_Sundae_%2819384608984%29.jpg
45,순대,4233956902,wikimedia,Strawberry sundae in The Golden Horseshoe in Frontierland at Disneyland park.,Strawberry Sundae (27825799761).jpg,https://upload.wikimedia.org/wikipedia/commons/thumb/0/0f/Strawberry_Sundae_%2827825799761%29.jpg/250px-Strawberry_Sundae_%2827825799761%29.jpg
46,순대,4233956902,wikimedia,Joan Wasser performing at the Summer Sundae music festival in Leicester,Joan Wasser at Summer Sundae 2006.JPG,https://upload.wikimedia.org/wikipedia/commons/thumb/2/22/Joan_Wasser_at_Summer_Sundae_2006.JPG/250px-Joan_Wasser_at_Summer_Sundae_2006.JPG
47,순대,4233956902,wikimedia,Ice Cream Sundae,Ice Cream Sundae (5076899064).jpg,https://upload.wikimedia.org/wikipedia/commons/thumb/a/a4/Ice_Cream_Sundae_%285076899064%29.jpg/120px-Ice_Cream_Sundae_%285076899064%29.jpg
48,순대,4233956902,wikimedia,"Hydrangea paniculata 'Sundae Fraise', botanical garden in Łódź, Poland.",Hydrangea paniculata Sundae Fraise 2021-09-11 3685.jpg,https://upload.wikimedia.org/wikipedia/commons/thumb/2/2e/Hydrangea_paniculata_Sundae_Fraise_2021-09-11_3685.jpg/250px-Hydrangea_paniculata_Sundae_Fraise_2021-09-11_3685.jpg
49,순대,4233956902,wikimedia,IMG_7204,"Parlor guitarist & Trumpeter, Summer Sundae 2007.jpg",https://upload.wikimedia.org/wikipedia/commons/thumb/2/25/Parlor_guitarist_%26_Trumpeter%2C_Summer_Sundae_2007.jpg/250px-Parlor_guitarist_%26_Trumpeter%2C_Summer_Sundae_2007.jpg
50,순대,4233956902,wikimedia,Strawberry ice cream sundae at The Golden Horseshoe in Frontierland at Disneyland park.,Strawberry Ice Cream Sundae (26853326784).jpg,https://upload.wikimedia.org/wikipedia/commons/thumb/f/f0/Strawberry_Ice_Cream_Sundae_%2826853326784%29.jpg/120px-Strawberry_Ice_Cream_Sundae_%2826853326784%29.jpg
51,순대,4233956902,wikimedia,"Hydrangea paniculata 'Sundae Fraise', botanical garden in Łódź, Poland.",Hydrangea paniculata Sundae Fraise 2021-09-11 3688.jpg,https://upload.wikimedia.org/wikipedia/commons/thumb/c/c3/Hydrangea_paniculata_Sundae_Fraise_2021-09-11_3688.jpg/250px-Hydrangea_paniculata_Sundae_Fraise_2021-09-11_3688.jpg
52,순대,4233956902,wikimedia,Strawberry ice cream sundae at The Golden Horseshoe in Frontierland at Disneyland park.,Strawberry Ice Cream Sundae (26853326174).jpg,https://upload.wikimedia.org/wikipedia/commons/thumb/3/3b/Strawberry_Ice_Cream_Sundae_%2826853326174%29.jpg/330px-Strawberry_Ice_Cream_Sundae_%2826853326174%29.jpg
53,순대,4233956902,wikimedia,"Hydrangea paniculata 'Sundae Fraise', botanical garden in Łódź, Poland.",Hydrangea paniculata Sundae Fraise 2021-09-11 3687.jpg,https://upload.wikimedia.org/wikipedia/commons/thumb/5/59/Hydrangea_paniculata_Sundae_Fraise_2021-09-11_3687.jpg/250px-Hydrangea_paniculata_Sundae_Fraise_2021-09-11_3687.jpg
54,순대,4233956902,wikimedia,July 25th is National Hot Fudge Sundae Day!,Tony's Cable Car Restaurant Hot Fudge Sundae (28440589022).jpg,https://upload.wikimedia.org/wikipedia/commons/thumb/e/ef/Tony%27s_Cable_Car_Restaurant_Hot_Fudge_Sundae_%2828440589022%29.jpg/250px-Tony%27s_Cable_Car_Restaurant_Hot_Fudge_Sundae_%2828440589022%29.jpg
55,순대,4233956902,wikimedia,Isobel Campbell performing at the Summer Sundae music festival in Leicester,Isobel Campbell at Summer Sundae 2006.JPG,https://upload.wikimedia.org/wikipedia/commons/thumb/f/fa/Isobel_Campbell_at_Summer_Sundae_2006.JPG/250px-Isobel_Campbell_at_Summer_Sundae_2006.JPG
56,순대,4233956902,wikimedia,"Hydrangea paniculata 'Sundae Fraise', botanical garden in Łódź, Poland.",Hydrangea paniculata Sundae Fraise 2021-09-11 3686.jpg,https://upload.wikimedia.org/wikipedia/commons/thumb/b/be/Hydrangea_paniculata_Sundae_Fraise_2021-09-11_3686.jpg/250px-Hydrangea_paniculata_Sundae_Fraise_2021-09-11_3686.jpg
57,순대,4233956902,wikimedia,"Main stage at the Summer Sundae music festival in Leicester. The band playing is Calexico, though you can't tell.",Main stage at Summer Sundae 2006.JPG,https://upload.wikimedia.org/wikipedia/commons/thumb/4/42/Main_stage_at_Summer_Sundae_2006.JPG/250px-Main_stage_at_Summer_Sundae_2006.JPG
58,순대,4233956902,wikimedia,"Butterscotch sundae with chocolate chip ice cream and jimmies - Massachusetts, USA.",Butterscotch sundae with chocolate chip ice cream and jimmies - Massachusetts.jpg,https://upload.wikimedia.org/wikipedia/commons/thumb/b/bc/Butterscotch_sundae_with_chocolate_chip_ice_cream_and_jimmies_-_Massachusetts.jpg/250px-Butterscotch_sundae_with_chocolate_chip_ice_cream_and_jimmies_-_Massachusetts.jpg
59,순대,4233956902,wikimedia,"Soondae with Gan, a popular side dish with Soondae in Korea.",Soondae with Gan.jpg,https://upload.wikimedia.org/wikipedia/commons/thumb/1/16/Soondae_with_Gan.jpg/250px-Soondae_with_Gan.jpg
60,순대,4233956902,wikimedia,"Bunsik stall with twigim (fritters), sundae (blood sausage), tteok-bokki (stir-fried rice cakes), and eomuk-kkochi (fish cake skewers)",Bunsik stall.jpg,https://upload.wikimedia.org/wikipedia/commons/thumb/0/07/Bunsik_stall.jpg/250px-Bunsik_stall.jpg
61,순대,4233956902,wikimedia,ストロベリーサンデー(あきた芸術劇場ミルハス内「シアターカフェC's(シーズ) 」),Strawberry Ice Cream Sundae (TheatreCafé C's).jpg,https://upload.wikimedia.org/wikipedia/commons/thumb/6/60/Strawberry_Ice_Cream_Sundae_%28TheatreCaf%C3%A9_C%27s%29.jpg/330px-Strawberry_Ice_Cream_Sundae_%28TheatreCaf%C3%A9_C%27s%29.jpg
62,순대,4233956902,wikimedia,スンデ。東京都新宿区の飲食店で撮影。,PXL 20220926 102149678.jpg,https://upload.wikimedia.org/wikipedia/commons/thumb/2/21/PXL_20220926_102149678.jpg/250px-PXL_20220926_102149678.jpg
63,순대,4233956902,wikimedia,전주 남부시장 피순대,20240725 Jeonju southern market -Pisundae.jpg,https://upload.wikimedia.org/wikipedia/commons/thumb/1/1a/20240725_Jeonju_southern_market_-Pisundae.jpg/330px-20240725_Jeonju_southern_market_-Pisundae.jpg
64,순대,4233956902,wikimedia,Soondae,800soondae.jpg,https://upload.wikimedia.org/wikipedia/commons/thumb/8/83/800soondae.jpg/250px-800soondae.jpg
65,순대,4233956902,wikimedia,전주 남부시장 피순대,20240725 Jeonju southern market - Pisundae 2.jpg,https://upload.wikimedia.org/wikipedia/commons/thumb/f/f5/20240725_Jeonju_southern_market_-_Pisundae_2.jpg/330px-20240725_Jeonju_southern_market_-_Pisundae_2.jpg
66,순대,4233956902,wikimedia,Tteokbokki and fried dish with Tteokbokki sauce and sundae value meals,떡튀순.JPG,https://upload.wikimedia.org/wikipedia/commons/thumb/b/b4/%EB%96%A1%ED%8A%80%EC%88%9C.JPG/250px-%EB%96%A1%ED%8A%80%EC%88%9C.JPG
67,순대,4233956902,wikimedia,"Tierra del Fuego, Argentina, January 2025",Banana sundae.jpeg,https://upload.wikimedia.org/wikipedia/commons/thumb/e/e0/Banana_sundae.jpeg/250px-Banana_sundae.jpeg
68,순대,4233956902,wikimedia,Ice cream - Summer,Sundae Icecream.jpg,https://upload.wikimedia.org/wikipedia/commons/thumb/d/d6/Sundae_Icecream.jpg/250px-Sundae_Icecream.jpg
69,순대,4233956902,wikimedia,Sundae-guk (Korean sausage soup),Sundae-guk.jpg,https://upload.wikimedia.org/wikipedia/commons/thumb/2/2d/Sundae-guk.jpg/330px-Sundae-guk.jpg
70,순대,4233956902,wikimedia,"Sibiu, Romania, 2011",Sundae (7326034930).jpg,https://upload.wikimedia.org/wikipedia/commons/thumb/5/5d/Sundae_%287326034930%29.jpg/120px-Sundae_%287326034930%29.jpg
71,순대,4233956902,wikimedia,Makchang-sundae (Korean sausage) and naejang-suyuk (pork offals),Makchang-sundae naejang-suyuk.jpg,https://upload.wikimedia.org/wikipedia/commons/thumb/6/60/Makchang-sundae_naejang-suyuk.jpg/250px-Makchang-sundae_naejang-suyuk.jpg
72,순대,4233956902,wikimedia,Sundaebokkeum (stir-fried Korean sausages),Sundae-bokkeum 1.jpg,https://upload.wikimedia.org/wikipedia/commons/thumb/2/2d/Sundae-bokkeum_1.jpg/250px-Sundae-bokkeum_1.jpg
73,순대,4233956902,wikimedia,Sundae School's Physical Education,Sundae School.jpg,https://upload.wikimedia.org/wikipedia/commons/thumb/2/24/Sundae_School.jpg/330px-Sundae_School.jpg
74,순대,4233956902,wikimedia,Sundae-bokkeum (stir-fried Korean sausage),Sundae-bokkeum 3.jpg,https://upload.wikimedia.org/wikipedia/commons/thumb/9/9f/Sundae-bokkeum_3.jpg/120px-Sundae-bokkeum_3.jpg
75,순대,4233956902,wikimedia,twohey's sundae,Twohey's sundae.jpg,https://upload.wikimedia.org/wikipedia/commons/thumb/2/24/Twohey%27s_sundae.jpg/250px-Twohey%27s_sundae.jpg
76,순대,4233956902,wikimedia,Sundae-guk (blood sausage soup),Sundae-guk 1.jpg,https://upload.wikimedia.org/wikipedia/commons/thumb/9/92/Sundae-guk_1.jpg/250px-Sundae-guk_1.jpg
77,순대,4233956902,wikimedia,"Sundae creamy sundae... I'm rambling... Shot in a McDonald's, Nanjing.
This is China~~
<a href=""https://500px.com/photo/1020108471/Creamy-sundae-by-Gauthier-DELECROIX--郭天?ctx_page=1&from=user&user_id=",Creamy sundae (50213236012).jpg,https://upload.wikimedia.org/wikipedia/commons/thumb/0/0a/Creamy_sundae_%2850213236012%29.jpg/330px-Creamy_sundae_%2850213236012%29.jpg
78,순대,4233956902,wikimedia,Sundae-bokkeum (stir-fried Korean sausage),Sundae-bokkeum 4.jpg,https://upload.wikimedia.org/wikipedia/commons/thumb/c/c3/Sundae-bokkeum_4.jpg/330px-Sundae-bokkeum_4.jpg
79,순대,4233956902,wikimedia,Sundae-guk (Korean sausage soup),Sundae-guk 4.jpg,https://upload.wikimedia.org/wikipedia/commons/thumb/f/f8/Sundae-guk_4.jpg/250px-Sundae-guk_4.jpg
80,순대,4233956902,wikimedia,Cornwall 2007 Street type,Closed on sundae (496626331).jpg,https://upload.wikimedia.org/wikipedia/commons/thumb/2/2c/Closed_on_sundae_%28496626331%29.jpg/330px-Closed_on_sundae_%28496626331%29.jpg
81,순대,4233956902,wikimedia,This photo has been taken in the country: South Korea,Cuisine of South Korea 2.jpg,https://upload.wikimedia.org/wikipedia/commons/thumb/a/a1/Cuisine_of_South_Korea_2.jpg/330px-Cuisine_of_South_Korea_2.jpg
82,순대,4233956902,wikimedia,Sundae-guk (Korean sausage soup),Sundae-guk 5.jpg,https://upload.wikimedia.org/wikipedia/commons/thumb/9/92/Sundae-guk_5.jpg/250px-Sundae-guk_5.jpg
83,순대,4233956902,wikimedia,"This is an image of a ice cream sundae with vanilla and chocolate, with a cherry and whipped cream on top. It was taken in a small desert shop near Kyoto train station.",Food-a-sundae.jpg,https://upload.wikimedia.org/wikipedia/commons/thumb/4/40/Food-a-sundae.jpg/120px-Food-a-sundae.jpg
84,순대,4233956902,wikimedia,Abai-sundae-guk (Korean sausage soup),Abai-sundae-guk.jpg,https://upload.wikimedia.org/wikipedia/commons/thumb/d/d3/Abai-sundae-guk.jpg/250px-Abai-sundae-guk.jpg
85,순대,4233956902,wikimedia,Korean Sundae Soup,Korean Sundae Soup.jpg,https://upload.wikimedia.org/wikipedia/commons/thumb/3/3f/Korean_Sundae_Soup.jpg/330px-Korean_Sundae_Soup.jpg
86,순대,4233956902,wikimedia,baek-sundae-bokkeum (white stir-fried Korean sausage) ingredients,Baek-sundae-bokkeum ingredients.jpg,https://upload.wikimedia.org/wikipedia/commons/thumb/5/52/Baek-sundae-bokkeum_ingredients.jpg/330px-Baek-sundae-bokkeum_ingredients.jpg
87,순대,4233956902,wikimedia,Sundae Soup Meals,Sundae Soup Meals.jpg,https://upload.wikimedia.org/wikipedia/commons/thumb/6/6e/Sundae_Soup_Meals.jpg/330px-Sundae_Soup_Meals.jpg
88,순대,4233956902,wikimedia,Sundae-guk (Korean sausage soup),Sundae-guk 6.jpg,https://upload.wikimedia.org/wikipedia/commons/thumb/9/9b/Sundae-guk_6.jpg/250px-Sundae-guk_6.jpg
89,순대,4233956902,wikimedia,Hydrangea paniculata,Hydrangea Strawberry Sundae July.jpg,https://upload.wikimedia.org/wikipedia/commons/thumb/d/dd/Hydrangea_Strawberry_Sundae_July.jpg/250px-Hydrangea_Strawberry_Sundae_July.jpg
90,순대,4233956902,wikimedia,Fentons ice cream sundae,Fentons sundae.jpg,https://upload.wikimedia.org/wikipedia/commons/thumb/9/96/Fentons_sundae.jpg/250px-Fentons_sundae.jpg
91,순대,4233956902,wikimedia,baek-sundae-bokkeum (white stir-fried Korean sausage),Baek-sundae-bokkeum.jpg,https://upload.wikimedia.org/wikipedia/commons/thumb/6/6a/Baek-sundae-bokkeum.jpg/120px-Baek-sundae-bokkeum.jpg
92,순대,4233956902,wikimedia,Meat Sundae,Meat Sundae (13153385624).jpg,https://upload.wikimedia.org/wikipedia/commons/thumb/a/ac/Meat_Sundae_%2813153385624%29.jpg/330px-Meat_Sundae_%2813153385624%29.jpg
93,순대,4233956902,wikimedia,"A classic ice cream sundae, complete with a cherry on top",Ice Cream Sundae.jpg,https://upload.wikimedia.org/wikipedia/commons/thumb/7/7b/Ice_Cream_Sundae.jpg/330px-Ice_Cream_Sundae.jpg
94,순대,4233956902,wikimedia,Chocolate Double Sundae with wafers and shavings,Chocolate Double Sundae.jpg,https://upload.wikimedia.org/wikipedia/commons/thumb/d/df/Chocolate_Double_Sundae.jpg/250px-Chocolate_Double_Sundae.jpg
95,순대,4233956902,wikimedia,Strawberry sundae,Strawberry sundae.jpg,https://upload.wikimedia.org/wikipedia/commons/thumb/5/5d/Strawberry_sundae.jpg/250px-Strawberry_sundae.jpg
96,순대,4233956902,wikimedia,Daechang-sundae (stuffed pork big intestines) and offals,Daechang-sundae and offals.jpg,https://upload.wikimedia.org/wikipedia/commons/thumb/b/be/Daechang-sundae_and_offals.jpg/250px-Daechang-sundae_and_offals.jpg
97,순대,4233956902,wikimedia,"Small Sundae - three kinds of Icecream and a waffle, all in an Icecream shop in Munich, Germany",Small Sundae.jpg,https://upload.wikimedia.org/wikipedia/commons/thumb/2/25/Small_Sundae.jpg/330px-Small_Sundae.jpg
98,순대,4233956902,wikimedia,Pi-sundae (blood sausage),Pi-sundae 1.jpg,https://upload.wikimedia.org/wikipedia/commons/thumb/7/78/Pi-sundae_1.jpg/250px-Pi-sundae_1.jpg
99,순대,4233956902,wikimedia,butterscotch sundae Ice cream,Butterscotch sundae.jpg,https://upload.wikimedia.org/wikipedia/commons/thumb/3/3f/Butterscotch_sundae.jpg/250px-Butterscotch_sundae.jpg
